﻿client_code,name,product,status,city,date,type,direction,amount,currency
1,Айгерим,Карта для путешествий,зп,Алматы,2025-06-01 11:40:16,card_out,out,9359.56,KZT
1,Айгерим,Карта для путешествий,зп,Алматы,2025-06-02 13:10:59,card_out,out,17590.68,KZT
1,Айгерим,Карта для путешествий,зп,Алматы,2025-06-02 20:23:02,card_out,out,19677.33,KZT
1,Айгерим,Карта для путешествий,зп,Алматы,2025-06-03 09:50:44,card_out,out,37686.28,KZT
1,Айгерим,Карта для путешествий,зп,Алматы,2025-06-03 14:17:12,card_out,out,7880.48,KZT
1,Айгерим,Карта для путешествий,зп,Алматы,2025-06-03 14:54:58,p2p_out,out,34847.69,KZT
1,Айгерим,Карта для путешествий,зп,Алматы,2025-06-04 09:38:36,atm_withdrawal,out,26017.05,KZT
1,Айгерим,Карта для путешествий,зп,Алматы,2025-06-04 11:44:11,card_out,out,15835.32,KZT
1,Айгерим,Карта для путешествий,зп,Алматы,2025-06-04 12:44:42,card_out,out,34387.7,KZT
1,Айгерим,Карта для путешествий,зп,Алматы,2025-06-04 18:20:46,card_out,out,18031.61,KZT
1,Айгерим,Карта для путешествий,зп,Алматы,2025-06-05 11:43:55,card_out,out,45609.76,KZT
1,Айгерим,Карта для путешествий,зп,Алматы,2025-06-05 13:28:35,card_out,out,10501.98,KZT
1,Айгерим,Карта для путешествий,зп,Алматы,2025-06-05 16:06:37,atm_withdrawal,out,63623.16,KZT
1,Айгерим,Карта для путешествий,зп,Алматы,2025-06-05 17:29:05,utilities_out,out,43108.03,KZT
1,Айгерим,Карта для путешествий,зп,Алматы,2025-06-05 19:30:13,p2p_out,out,29058.01,KZT
1,Айгерим,Карта для путешествий,зп,Алматы,2025-06-05 20:40:40,cashback_in,in,5280.98,KZT
1,Айгерим,Карта для путешествий,зп,Алматы,2025-06-05 20:47:30,card_out,out,7868.37,KZT
1,Айгерим,Карта для путешествий,зп,Алматы,2025-06-06 10:49:39,card_out,out,12844.37,KZT
1,Айгерим,Карта для путешествий,зп,Алматы,2025-06-07 09:38:11,card_out,out,13801.96,KZT
1,Айгерим,Карта для путешествий,зп,Алматы,2025-06-07 10:31:13,card_out,out,17198.44,KZT
1,Айгерим,Карта для путешествий,зп,Алматы,2025-06-07 10:33:50,p2p_out,out,23136.11,KZT
1,Айгерим,Карта для путешествий,зп,Алматы,2025-06-07 10:49:58,p2p_out,out,13345.18,KZT
1,Айгерим,Карта для путешествий,зп,Алматы,2025-06-07 11:34:15,atm_withdrawal,out,46745.77,KZT
1,Айгерим,Карта для путешествий,зп,Алматы,2025-06-07 18:38:37,card_out,out,11714.15,KZT
1,Айгерим,Карта для путешествий,зп,Алматы,2025-06-08 08:33:36,cashback_in,in,16739.44,KZT
1,Айгерим,Карта для путешествий,зп,Алматы,2025-06-08 13:11:11,card_out,out,9590.15,KZT
1,Айгерим,Карта для путешествий,зп,Алматы,2025-06-08 13:25:46,card_out,out,30538.57,KZT
1,Айгерим,Карта для путешествий,зп,Алматы,2025-06-08 15:50:04,loan_payment_out,out,64102.16,KZT
1,Айгерим,Карта для путешествий,зп,Алматы,2025-06-09 08:58:48,p2p_out,out,31247.35,KZT
1,Айгерим,Карта для путешествий,зп,Алматы,2025-06-09 21:42:23,p2p_out,out,39132.45,KZT
1,Айгерим,Карта для путешествий,зп,Алматы,2025-06-10 11:25:43,p2p_out,out,15359.74,KZT
1,Айгерим,Карта для путешествий,зп,Алматы,2025-06-10 16:31:28,card_out,out,21815.96,KZT
1,Айгерим,Карта для путешествий,зп,Алматы,2025-06-11 09:41:29,atm_withdrawal,out,53722.74,KZT
1,Айгерим,Карта для путешествий,зп,Алматы,2025-06-11 17:33:30,p2p_out,out,14934.15,KZT
1,Айгерим,Карта для путешествий,зп,Алматы,2025-06-12 16:59:37,loan_payment_out,out,53048.87,KZT
1,Айгерим,Карта для путешествий,зп,Алматы,2025-06-12 20:30:54,card_in,in,5302.73,KZT
1,Айгерим,Карта для путешествий,зп,Алматы,2025-06-13 09:00:38,card_out,out,14860.6,KZT
1,Айгерим,Карта для путешествий,зп,Алматы,2025-06-13 13:40:31,card_out,out,77292.54,KZT
1,Айгерим,Карта для путешествий,зп,Алматы,2025-06-13 18:39:41,card_out,out,12452.4,KZT
1,Айгерим,Карта для путешествий,зп,Алматы,2025-06-14 09:02:04,card_out,out,63016.38,KZT
1,Айгерим,Карта для путешествий,зп,Алматы,2025-06-14 09:08:01,utilities_out,out,22761.83,KZT
1,Айгерим,Карта для путешествий,зп,Алматы,2025-06-14 12:02:39,card_out,out,47981.31,KZT
1,Айгерим,Карта для путешествий,зп,Алматы,2025-06-14 12:03:21,p2p_out,out,25749.48,KZT
1,Айгерим,Карта для путешествий,зп,Алматы,2025-06-14 14:30:22,utilities_out,out,24101.11,KZT
1,Айгерим,Карта для путешествий,зп,Алматы,2025-06-15 10:44:02,card_out,out,20821.94,KZT
1,Айгерим,Карта для путешествий,зп,Алматы,2025-06-16 08:36:24,cashback_in,in,23419.74,KZT
1,Айгерим,Карта для путешествий,зп,Алматы,2025-06-16 09:40:26,p2p_out,out,20724.4,KZT
1,Айгерим,Карта для путешествий,зп,Алматы,2025-06-16 13:15:57,card_out,out,5968.18,KZT
1,Айгерим,Карта для путешествий,зп,Алматы,2025-06-16 18:32:30,salary_in,in,488634.28,KZT
1,Айгерим,Карта для путешествий,зп,Алматы,2025-06-17 12:30:52,p2p_out,out,21946.77,KZT
1,Айгерим,Карта для путешествий,зп,Алматы,2025-06-17 13:11:04,card_out,out,11494.94,KZT
1,Айгерим,Карта для путешествий,зп,Алматы,2025-06-17 14:07:08,card_out,out,35586.3,KZT
1,Айгерим,Карта для путешествий,зп,Алматы,2025-06-17 18:33:27,card_out,out,25828.82,KZT
1,Айгерим,Карта для путешествий,зп,Алматы,2025-06-18 10:49:05,card_out,out,11509.87,KZT
1,Айгерим,Карта для путешествий,зп,Алматы,2025-06-18 17:03:14,atm_withdrawal,out,19434.3,KZT
1,Айгерим,Карта для путешествий,зп,Алматы,2025-06-18 18:35:50,p2p_out,out,21224.83,KZT
1,Айгерим,Карта для путешествий,зп,Алматы,2025-06-18 20:25:38,card_out,out,18795.99,KZT
1,Айгерим,Карта для путешествий,зп,Алматы,2025-06-18 20:40:30,p2p_out,out,38552.16,KZT
1,Айгерим,Карта для путешествий,зп,Алматы,2025-06-19 15:52:15,p2p_out,out,20876.44,KZT
1,Айгерим,Карта для путешествий,зп,Алматы,2025-06-19 17:51:39,card_out,out,83915.05,KZT
1,Айгерим,Карта для путешествий,зп,Алматы,2025-06-19 18:47:24,card_in,in,26514.14,KZT
1,Айгерим,Карта для путешествий,зп,Алматы,2025-06-19 20:50:00,p2p_out,out,23658.43,KZT
1,Айгерим,Карта для путешествий,зп,Алматы,2025-06-20 09:27:48,p2p_out,out,10917.65,KZT
1,Айгерим,Карта для путешествий,зп,Алматы,2025-06-20 12:27:17,card_out,out,16462.49,KZT
1,Айгерим,Карта для путешествий,зп,Алматы,2025-06-20 12:28:20,card_out,out,28974.46,KZT
1,Айгерим,Карта для путешествий,зп,Алматы,2025-06-21 09:14:45,card_out,out,20314.86,KZT
1,Айгерим,Карта для путешествий,зп,Алматы,2025-06-21 14:40:26,p2p_out,out,11949.39,KZT
1,Айгерим,Карта для путешествий,зп,Алматы,2025-06-21 15:45:06,p2p_out,out,43120.48,KZT
1,Айгерим,Карта для путешествий,зп,Алматы,2025-06-22 10:46:20,p2p_out,out,29187.35,KZT
1,Айгерим,Карта для путешествий,зп,Алматы,2025-06-22 14:43:24,card_out,out,35081.38,KZT
1,Айгерим,Карта для путешествий,зп,Алматы,2025-06-22 19:05:43,card_out,out,12378.79,KZT
1,Айгерим,Карта для путешествий,зп,Алматы,2025-06-22 20:57:59,card_out,out,47020.25,KZT
1,Айгерим,Карта для путешествий,зп,Алматы,2025-06-22 21:48:23,card_in,in,4584.13,KZT
1,Айгерим,Карта для путешествий,зп,Алматы,2025-06-23 09:51:35,card_in,in,8913.18,KZT
1,Айгерим,Карта для путешествий,зп,Алматы,2025-06-23 15:59:33,card_out,out,28258.9,KZT
1,Айгерим,Карта для путешествий,зп,Алматы,2025-06-23 17:29:51,card_out,out,7501.95,KZT
1,Айгерим,Карта для путешествий,зп,Алматы,2025-06-24 09:14:51,utilities_out,out,22146.8,KZT
1,Айгерим,Карта для путешествий,зп,Алматы,2025-06-24 13:12:32,card_out,out,13805.79,KZT
1,Айгерим,Карта для путешествий,зп,Алматы,2025-06-24 17:02:17,card_out,out,52541.76,KZT
1,Айгерим,Карта для путешествий,зп,Алматы,2025-06-25 08:21:12,card_out,out,32189.84,KZT
1,Айгерим,Карта для путешествий,зп,Алматы,2025-06-26 10:46:30,card_out,out,20000.2,KZT
1,Айгерим,Карта для путешествий,зп,Алматы,2025-06-26 12:20:26,loan_payment_out,out,58150.71,KZT
1,Айгерим,Карта для путешествий,зп,Алматы,2025-06-26 13:06:00,card_out,out,17073.01,KZT
1,Айгерим,Карта для путешествий,зп,Алматы,2025-06-26 13:09:17,card_out,out,15208.89,KZT
1,Айгерим,Карта для путешествий,зп,Алматы,2025-06-26 14:52:34,atm_withdrawal,out,48187.52,KZT
1,Айгерим,Карта для путешествий,зп,Алматы,2025-06-27 10:07:18,card_out,out,13000.35,KZT
1,Айгерим,Карта для путешествий,зп,Алматы,2025-06-27 12:38:10,utilities_out,out,45719.44,KZT
1,Айгерим,Карта для путешествий,зп,Алматы,2025-06-27 15:53:10,card_out,out,15504.4,KZT
1,Айгерим,Карта для путешествий,зп,Алматы,2025-06-27 20:19:19,card_out,out,12605.1,KZT
1,Айгерим,Карта для путешествий,зп,Алматы,2025-06-28 11:15:30,card_out,out,12281.77,KZT
1,Айгерим,Карта для путешествий,зп,Алматы,2025-06-28 12:20:58,card_out,out,13171.09,KZT
1,Айгерим,Карта для путешествий,зп,Алматы,2025-06-28 15:59:46,refund_in,in,6998.08,KZT
1,Айгерим,Карта для путешествий,зп,Алматы,2025-06-28 16:28:34,card_out,out,23921.99,KZT
1,Айгерим,Карта для путешествий,зп,Алматы,2025-06-28 17:59:42,card_out,out,20041.45,KZT
1,Айгерим,Карта для путешествий,зп,Алматы,2025-06-28 19:43:35,card_out,out,17599.17,KZT
1,Айгерим,Карта для путешествий,зп,Алматы,2025-06-29 10:12:49,card_out,out,56741.04,KZT
1,Айгерим,Карта для путешествий,зп,Алматы,2025-06-29 14:41:01,card_in,in,9223.16,KZT
1,Айгерим,Карта для путешествий,зп,Алматы,2025-06-29 18:20:23,card_out,out,10836.51,KZT
1,Айгерим,Карта для путешествий,зп,Алматы,2025-06-30 09:14:32,refund_in,in,31330.57,KZT
1,Айгерим,Карта для путешествий,зп,Алматы,2025-06-30 19:21:18,p2p_out,out,29799.82,KZT
1,Айгерим,Карта для путешествий,зп,Алматы,2025-07-01 18:23:02,card_out,out,21847.63,KZT
1,Айгерим,Карта для путешествий,зп,Алматы,2025-07-01 19:43:33,card_out,out,16886.8,KZT
1,Айгерим,Карта для путешествий,зп,Алматы,2025-07-01 21:03:38,cashback_in,in,14767.44,KZT
1,Айгерим,Карта для путешествий,зп,Алматы,2025-07-02 11:30:25,p2p_out,out,28480.72,KZT
1,Айгерим,Карта для путешествий,зп,Алматы,2025-07-02 13:42:10,card_out,out,22615.13,KZT
1,Айгерим,Карта для путешествий,зп,Алматы,2025-07-02 20:38:19,p2p_out,out,10412.6,KZT
1,Айгерим,Карта для путешествий,зп,Алматы,2025-07-03 08:00:21,card_out,out,13189.68,KZT
1,Айгерим,Карта для путешествий,зп,Алматы,2025-07-03 08:34:00,loan_payment_out,out,38663.05,KZT
1,Айгерим,Карта для путешествий,зп,Алматы,2025-07-03 13:42:16,card_out,out,22582.43,KZT
1,Айгерим,Карта для путешествий,зп,Алматы,2025-07-03 13:59:13,card_out,out,14674.43,KZT
1,Айгерим,Карта для путешествий,зп,Алматы,2025-07-04 08:26:10,card_out,out,58525.89,KZT
1,Айгерим,Карта для путешествий,зп,Алматы,2025-07-04 15:28:58,p2p_out,out,43540.81,KZT
1,Айгерим,Карта для путешествий,зп,Алматы,2025-07-04 16:35:14,card_out,out,30444.88,KZT
1,Айгерим,Карта для путешествий,зп,Алматы,2025-07-04 17:51:53,p2p_out,out,7603.98,KZT
1,Айгерим,Карта для путешествий,зп,Алматы,2025-07-05 08:57:49,p2p_out,out,28590.61,KZT
1,Айгерим,Карта для путешествий,зп,Алматы,2025-07-05 17:39:55,p2p_out,out,9011.18,KZT
1,Айгерим,Карта для путешествий,зп,Алматы,2025-07-06 09:50:13,card_out,out,11533.53,KZT
1,Айгерим,Карта для путешествий,зп,Алматы,2025-07-06 15:38:52,card_out,out,17909.64,KZT
1,Айгерим,Карта для путешествий,зп,Алматы,2025-07-06 20:35:52,card_out,out,39246.07,KZT
1,Айгерим,Карта для путешествий,зп,Алматы,2025-07-06 21:52:11,cashback_in,in,18139.14,KZT
1,Айгерим,Карта для путешествий,зп,Алматы,2025-07-07 09:16:27,p2p_out,out,20463.11,KZT
1,Айгерим,Карта для путешествий,зп,Алматы,2025-07-07 13:37:12,card_out,out,11485.93,KZT
1,Айгерим,Карта для путешествий,зп,Алматы,2025-07-07 14:37:21,atm_withdrawal,out,26555.9,KZT
1,Айгерим,Карта для путешествий,зп,Алматы,2025-07-07 15:56:36,p2p_out,out,43691.78,KZT
1,Айгерим,Карта для путешествий,зп,Алматы,2025-07-07 18:55:46,p2p_out,out,12865.94,KZT
1,Айгерим,Карта для путешествий,зп,Алматы,2025-07-07 19:44:45,card_out,out,22777.99,KZT
1,Айгерим,Карта для путешествий,зп,Алматы,2025-07-07 20:03:58,atm_withdrawal,out,29962.77,KZT
1,Айгерим,Карта для путешествий,зп,Алматы,2025-07-08 09:44:17,card_out,out,7858.41,KZT
1,Айгерим,Карта для путешествий,зп,Алматы,2025-07-08 14:24:05,card_out,out,26817.0,KZT
1,Айгерим,Карта для путешествий,зп,Алматы,2025-07-08 21:10:50,p2p_out,out,13060.74,KZT
1,Айгерим,Карта для путешествий,зп,Алматы,2025-07-09 10:51:44,salary_in,in,474202.74,KZT
1,Айгерим,Карта для путешествий,зп,Алматы,2025-07-09 14:42:21,card_out,out,16882.58,KZT
1,Айгерим,Карта для путешествий,зп,Алматы,2025-07-09 18:58:14,card_out,out,18805.68,KZT
1,Айгерим,Карта для путешествий,зп,Алматы,2025-07-10 16:10:12,p2p_out,out,22973.94,KZT
1,Айгерим,Карта для путешествий,зп,Алматы,2025-07-11 12:45:16,card_out,out,44888.26,KZT
1,Айгерим,Карта для путешествий,зп,Алматы,2025-07-11 13:29:21,utilities_out,out,12138.65,KZT
1,Айгерим,Карта для путешествий,зп,Алматы,2025-07-12 09:37:12,card_in,in,13117.5,KZT
1,Айгерим,Карта для путешествий,зп,Алматы,2025-07-12 09:39:46,atm_withdrawal,out,20432.4,KZT
1,Айгерим,Карта для путешествий,зп,Алматы,2025-07-12 10:42:31,card_out,out,17346.24,KZT
1,Айгерим,Карта для путешествий,зп,Алматы,2025-07-12 13:22:15,card_out,out,16115.79,KZT
1,Айгерим,Карта для путешествий,зп,Алматы,2025-07-12 19:36:00,utilities_out,out,39672.22,KZT
1,Айгерим,Карта для путешествий,зп,Алматы,2025-07-13 13:39:17,card_out,out,24173.62,KZT
1,Айгерим,Карта для путешествий,зп,Алматы,2025-07-13 15:03:41,card_in,in,25787.09,KZT
1,Айгерим,Карта для путешествий,зп,Алматы,2025-07-13 21:56:00,card_out,out,45636.77,KZT
1,Айгерим,Карта для путешествий,зп,Алматы,2025-07-14 19:36:09,card_out,out,17278.58,KZT
1,Айгерим,Карта для путешествий,зп,Алматы,2025-07-15 14:19:03,card_out,out,49949.7,KZT
1,Айгерим,Карта для путешествий,зп,Алматы,2025-07-15 17:34:03,card_out,out,37353.9,KZT
1,Айгерим,Карта для путешествий,зп,Алматы,2025-07-15 21:12:15,card_out,out,15327.53,KZT
1,Айгерим,Карта для путешествий,зп,Алматы,2025-07-16 08:01:15,utilities_out,out,14550.72,KZT
1,Айгерим,Карта для путешествий,зп,Алматы,2025-07-16 11:41:36,card_out,out,42875.43,KZT
1,Айгерим,Карта для путешествий,зп,Алматы,2025-07-16 13:40:19,utilities_out,out,24644.93,KZT
1,Айгерим,Карта для путешествий,зп,Алматы,2025-07-16 14:01:30,card_out,out,46770.68,KZT
1,Айгерим,Карта для путешествий,зп,Алматы,2025-07-16 15:08:39,card_out,out,11185.73,KZT
1,Айгерим,Карта для путешествий,зп,Алматы,2025-07-16 16:53:06,p2p_out,out,27559.22,KZT
1,Айгерим,Карта для путешествий,зп,Алматы,2025-07-17 18:40:27,card_out,out,58539.72,KZT
1,Айгерим,Карта для путешествий,зп,Алматы,2025-07-17 20:37:01,card_out,out,17185.67,KZT
1,Айгерим,Карта для путешествий,зп,Алматы,2025-07-18 10:40:21,loan_payment_out,out,74345.95,KZT
1,Айгерим,Карта для путешествий,зп,Алматы,2025-07-18 11:01:34,card_out,out,13825.48,KZT
1,Айгерим,Карта для путешествий,зп,Алматы,2025-07-19 08:14:28,refund_in,in,17875.21,KZT
1,Айгерим,Карта для путешествий,зп,Алматы,2025-07-19 08:26:44,p2p_out,out,17235.22,KZT
1,Айгерим,Карта для путешествий,зп,Алматы,2025-07-19 19:55:14,card_out,out,11910.81,KZT
1,Айгерим,Карта для путешествий,зп,Алматы,2025-07-20 09:56:18,card_in,in,11115.53,KZT
1,Айгерим,Карта для путешествий,зп,Алматы,2025-07-20 11:12:36,p2p_out,out,17223.05,KZT
1,Айгерим,Карта для путешествий,зп,Алматы,2025-07-21 12:11:35,card_out,out,13252.45,KZT
1,Айгерим,Карта для путешествий,зп,Алматы,2025-07-21 12:43:14,card_out,out,16091.25,KZT
1,Айгерим,Карта для путешествий,зп,Алматы,2025-07-22 13:36:40,card_out,out,16629.81,KZT
1,Айгерим,Карта для путешествий,зп,Алматы,2025-07-22 18:30:15,p2p_out,out,20087.6,KZT
1,Айгерим,Карта для путешествий,зп,Алматы,2025-07-22 19:53:41,card_out,out,27738.91,KZT
1,Айгерим,Карта для путешествий,зп,Алматы,2025-07-23 10:41:42,card_out,out,17560.95,KZT
1,Айгерим,Карта для путешествий,зп,Алматы,2025-07-23 17:36:21,p2p_out,out,5913.12,KZT
1,Айгерим,Карта для путешествий,зп,Алматы,2025-07-24 08:36:33,card_out,out,12190.59,KZT
1,Айгерим,Карта для путешествий,зп,Алматы,2025-07-24 14:36:17,p2p_out,out,11551.86,KZT
1,Айгерим,Карта для путешествий,зп,Алматы,2025-07-25 13:22:32,utilities_out,out,41243.69,KZT
1,Айгерим,Карта для путешествий,зп,Алматы,2025-07-25 13:46:11,card_out,out,22100.73,KZT
1,Айгерим,Карта для путешествий,зп,Алматы,2025-07-25 15:13:58,card_out,out,12973.42,KZT
1,Айгерим,Карта для путешествий,зп,Алматы,2025-07-25 17:58:14,card_out,out,21385.24,KZT
1,Айгерим,Карта для путешествий,зп,Алматы,2025-07-25 20:26:57,card_out,out,18091.82,KZT
1,Айгерим,Карта для путешествий,зп,Алматы,2025-07-26 09:01:18,card_out,out,22994.4,KZT
1,Айгерим,Карта для путешествий,зп,Алматы,2025-07-26 11:13:40,refund_in,in,20499.62,KZT
1,Айгерим,Карта для путешествий,зп,Алматы,2025-07-26 12:50:53,cashback_in,in,13977.42,KZT
1,Айгерим,Карта для путешествий,зп,Алматы,2025-07-26 19:02:39,p2p_out,out,17210.11,KZT
1,Айгерим,Карта для путешествий,зп,Алматы,2025-07-26 21:58:18,card_out,out,8553.35,KZT
1,Айгерим,Карта для путешествий,зп,Алматы,2025-07-27 09:41:13,atm_withdrawal,out,10515.07,KZT
1,Айгерим,Карта для путешествий,зп,Алматы,2025-07-27 10:05:55,card_out,out,32171.48,KZT
1,Айгерим,Карта для путешествий,зп,Алматы,2025-07-27 10:06:10,card_out,out,17404.03,KZT
1,Айгерим,Карта для путешествий,зп,Алматы,2025-07-27 10:11:25,card_out,out,17428.38,KZT
1,Айгерим,Карта для путешествий,зп,Алматы,2025-07-27 15:26:10,card_out,out,9887.49,KZT
1,Айгерим,Карта для путешествий,зп,Алматы,2025-07-27 18:37:20,card_out,out,11367.1,KZT
1,Айгерим,Карта для путешествий,зп,Алматы,2025-07-27 18:48:17,p2p_out,out,14595.24,KZT
1,Айгерим,Карта для путешествий,зп,Алматы,2025-07-28 16:06:38,card_in,in,4537.25,KZT
1,Айгерим,Карта для путешествий,зп,Алматы,2025-07-28 20:40:44,card_out,out,7312.14,KZT
1,Айгерим,Карта для путешествий,зп,Алматы,2025-07-28 21:13:48,loan_payment_out,out,60925.7,KZT
1,Айгерим,Карта для путешествий,зп,Алматы,2025-07-29 11:57:03,card_out,out,12973.56,KZT
1,Айгерим,Карта для путешествий,зп,Алматы,2025-07-30 12:09:01,card_in,in,4507.47,KZT
1,Айгерим,Карта для путешествий,зп,Алматы,2025-07-30 18:41:25,card_out,out,20634.26,KZT
1,Айгерим,Карта для путешествий,зп,Алматы,2025-07-31 09:41:56,atm_withdrawal,out,26069.48,KZT
1,Айгерим,Карта для путешествий,зп,Алматы,2025-07-31 12:50:06,card_out,out,11528.18,KZT
1,Айгерим,Карта для путешествий,зп,Алматы,2025-07-31 13:02:43,card_out,out,63755.88,KZT
1,Айгерим,Карта для путешествий,зп,Алматы,2025-07-31 14:12:21,p2p_out,out,21152.54,KZT
1,Айгерим,Карта для путешествий,зп,Алматы,2025-07-31 19:53:17,atm_withdrawal,out,36699.65,KZT
1,Айгерим,Карта для путешествий,зп,Алматы,2025-08-01 14:14:08,card_out,out,17039.5,KZT
1,Айгерим,Карта для путешествий,зп,Алматы,2025-08-01 16:20:53,card_out,out,16353.37,KZT
1,Айгерим,Карта для путешествий,зп,Алматы,2025-08-01 20:12:35,card_out,out,24251.54,KZT
1,Айгерим,Карта для путешествий,зп,Алматы,2025-08-01 21:58:17,cashback_in,in,29025.95,KZT
1,Айгерим,Карта для путешествий,зп,Алматы,2025-08-02 12:08:05,card_out,out,11235.29,KZT
1,Айгерим,Карта для путешествий,зп,Алматы,2025-08-02 16:32:26,refund_in,in,25640.6,KZT
1,Айгерим,Карта для путешествий,зп,Алматы,2025-08-02 17:11:10,atm_withdrawal,out,25735.43,KZT
1,Айгерим,Карта для путешествий,зп,Алматы,2025-08-02 17:23:35,p2p_out,out,18655.6,KZT
1,Айгерим,Карта для путешествий,зп,Алматы,2025-08-02 18:41:01,card_out,out,15824.34,KZT
1,Айгерим,Карта для путешествий,зп,Алматы,2025-08-03 09:25:04,card_out,out,26045.39,KZT
1,Айгерим,Карта для путешествий,зп,Алматы,2025-08-03 14:53:04,p2p_out,out,14215.35,KZT
1,Айгерим,Карта для путешествий,зп,Алматы,2025-08-03 17:30:00,card_out,out,13553.81,KZT
1,Айгерим,Карта для путешествий,зп,Алматы,2025-08-04 14:56:18,p2p_out,out,41342.21,KZT
1,Айгерим,Карта для путешествий,зп,Алматы,2025-08-04 16:41:30,utilities_out,out,34516.01,KZT
1,Айгерим,Карта для путешествий,зп,Алматы,2025-08-05 14:31:17,p2p_out,out,5646.85,KZT
1,Айгерим,Карта для путешествий,зп,Алматы,2025-08-05 18:53:59,salary_in,in,483584.71,KZT
1,Айгерим,Карта для путешествий,зп,Алматы,2025-08-05 19:57:30,p2p_out,out,17943.89,KZT
1,Айгерим,Карта для путешествий,зп,Алматы,2025-08-07 08:14:57,card_out,out,12409.13,KZT
1,Айгерим,Карта для путешествий,зп,Алматы,2025-08-07 10:39:53,p2p_out,out,15010.12,KZT
1,Айгерим,Карта для путешествий,зп,Алматы,2025-08-07 11:09:58,card_out,out,18497.58,KZT
1,Айгерим,Карта для путешествий,зп,Алматы,2025-08-07 11:37:21,card_out,out,30598.27,KZT
1,Айгерим,Карта для путешествий,зп,Алматы,2025-08-07 11:47:42,card_out,out,13123.22,KZT
1,Айгерим,Карта для путешествий,зп,Алматы,2025-08-07 12:39:24,card_out,out,15932.94,KZT
1,Айгерим,Карта для путешествий,зп,Алматы,2025-08-07 13:46:00,card_out,out,6205.01,KZT
1,Айгерим,Карта для путешествий,зп,Алматы,2025-08-07 14:00:37,card_out,out,15211.6,KZT
1,Айгерим,Карта для путешествий,зп,Алматы,2025-08-07 15:51:25,card_in,in,4198.46,KZT
1,Айгерим,Карта для путешествий,зп,Алматы,2025-08-07 21:05:22,card_out,out,21782.87,KZT
1,Айгерим,Карта для путешествий,зп,Алматы,2025-08-08 08:31:08,utilities_out,out,42615.98,KZT
1,Айгерим,Карта для путешествий,зп,Алматы,2025-08-09 10:47:53,card_out,out,22037.67,KZT
1,Айгерим,Карта для путешествий,зп,Алматы,2025-08-09 15:20:19,atm_withdrawal,out,33553.43,KZT
1,Айгерим,Карта для путешествий,зп,Алматы,2025-08-10 11:50:45,card_out,out,47004.39,KZT
1,Айгерим,Карта для путешествий,зп,Алматы,2025-08-10 13:21:44,card_out,out,11489.54,KZT
1,Айгерим,Карта для путешествий,зп,Алматы,2025-08-10 13:49:09,card_in,in,8101.95,KZT
1,Айгерим,Карта для путешествий,зп,Алматы,2025-08-10 15:39:54,card_out,out,21421.9,KZT
1,Айгерим,Карта для путешествий,зп,Алматы,2025-08-10 17:58:00,p2p_out,out,9865.98,KZT
1,Айгерим,Карта для путешествий,зп,Алматы,2025-08-10 20:45:03,card_out,out,11747.38,KZT
1,Айгерим,Карта для путешествий,зп,Алматы,2025-08-11 11:54:56,card_out,out,14745.53,KZT
1,Айгерим,Карта для путешествий,зп,Алматы,2025-08-11 14:46:42,cashback_in,in,6832.1,KZT
1,Айгерим,Карта для путешествий,зп,Алматы,2025-08-11 19:56:46,utilities_out,out,39892.38,KZT
1,Айгерим,Карта для путешествий,зп,Алматы,2025-08-12 09:19:52,card_in,in,6996.53,KZT
1,Айгерим,Карта для путешествий,зп,Алматы,2025-08-12 21:13:27,card_out,out,18319.43,KZT
1,Айгерим,Карта для путешествий,зп,Алматы,2025-08-13 10:31:25,card_in,in,32770.79,KZT
1,Айгерим,Карта для путешествий,зп,Алматы,2025-08-13 14:05:15,p2p_out,out,31004.01,KZT
1,Айгерим,Карта для путешествий,зп,Алматы,2025-08-14 10:47:13,loan_payment_out,out,63582.27,KZT
1,Айгерим,Карта для путешествий,зп,Алматы,2025-08-14 15:36:23,card_out,out,16946.13,KZT
1,Айгерим,Карта для путешествий,зп,Алматы,2025-08-14 16:01:49,p2p_out,out,22448.18,KZT
1,Айгерим,Карта для путешествий,зп,Алматы,2025-08-14 21:04:28,card_out,out,22251.36,KZT
1,Айгерим,Карта для путешествий,зп,Алматы,2025-08-15 08:24:25,card_out,out,31036.77,KZT
1,Айгерим,Карта для путешествий,зп,Алматы,2025-08-15 15:39:13,card_out,out,21191.8,KZT
1,Айгерим,Карта для путешествий,зп,Алматы,2025-08-15 15:58:32,atm_withdrawal,out,34409.89,KZT
1,Айгерим,Карта для путешествий,зп,Алматы,2025-08-16 08:43:00,card_out,out,15824.45,KZT
1,Айгерим,Карта для путешествий,зп,Алматы,2025-08-16 18:43:48,card_out,out,18347.48,KZT
1,Айгерим,Карта для путешествий,зп,Алматы,2025-08-17 12:31:14,p2p_out,out,10887.61,KZT
1,Айгерим,Карта для путешествий,зп,Алматы,2025-08-17 14:18:27,p2p_out,out,44233.15,KZT
1,Айгерим,Карта для путешествий,зп,Алматы,2025-08-17 20:10:23,card_out,out,20144.83,KZT
1,Айгерим,Карта для путешествий,зп,Алматы,2025-08-17 20:19:44,atm_withdrawal,out,64336.38,KZT
1,Айгерим,Карта для путешествий,зп,Алматы,2025-08-19 11:22:02,card_out,out,19952.34,KZT
1,Айгерим,Карта для путешествий,зп,Алматы,2025-08-19 16:18:44,p2p_out,out,9769.21,KZT
1,Айгерим,Карта для путешествий,зп,Алматы,2025-08-20 11:00:55,p2p_out,out,13268.53,KZT
1,Айгерим,Карта для путешествий,зп,Алматы,2025-08-20 11:27:31,card_out,out,25258.93,KZT
1,Айгерим,Карта для путешествий,зп,Алматы,2025-08-21 09:18:22,atm_withdrawal,out,23627.46,KZT
1,Айгерим,Карта для путешествий,зп,Алматы,2025-08-22 08:58:48,card_out,out,40629.48,KZT
1,Айгерим,Карта для путешествий,зп,Алматы,2025-08-22 10:24:01,card_out,out,17969.59,KZT
1,Айгерим,Карта для путешествий,зп,Алматы,2025-08-22 11:45:00,card_out,out,15120.0,KZT
1,Айгерим,Карта для путешествий,зп,Алматы,2025-08-22 12:13:55,card_out,out,15021.94,KZT
1,Айгерим,Карта для путешествий,зп,Алматы,2025-08-22 12:24:42,card_out,out,39771.44,KZT
1,Айгерим,Карта для путешествий,зп,Алматы,2025-08-22 16:32:13,card_out,out,46506.6,KZT
1,Айгерим,Карта для путешествий,зп,Алматы,2025-08-22 17:47:39,p2p_out,out,22164.24,KZT
1,Айгерим,Карта для путешествий,зп,Алматы,2025-08-22 18:08:37,p2p_out,out,18540.05,KZT
1,Айгерим,Карта для путешествий,зп,Алматы,2025-08-22 21:47:01,card_out,out,14252.17,KZT
1,Айгерим,Карта для путешествий,зп,Алматы,2025-08-23 11:45:34,utilities_out,out,41007.25,KZT
1,Айгерим,Карта для путешествий,зп,Алматы,2025-08-23 12:04:03,card_out,out,47482.08,KZT
1,Айгерим,Карта для путешествий,зп,Алматы,2025-08-23 12:22:23,utilities_out,out,44033.37,KZT
1,Айгерим,Карта для путешествий,зп,Алматы,2025-08-23 14:31:38,card_out,out,22865.14,KZT
1,Айгерим,Карта для путешествий,зп,Алматы,2025-08-24 10:49:46,card_out,out,32659.3,KZT
1,Айгерим,Карта для путешествий,зп,Алматы,2025-08-24 12:16:01,card_out,out,9676.2,KZT
1,Айгерим,Карта для путешествий,зп,Алматы,2025-08-24 21:10:45,card_out,out,28720.51,KZT
1,Айгерим,Карта для путешествий,зп,Алматы,2025-08-25 14:46:03,card_out,out,27318.84,KZT
1,Айгерим,Карта для путешествий,зп,Алматы,2025-08-25 15:17:25,card_out,out,15652.27,KZT
1,Айгерим,Карта для путешествий,зп,Алматы,2025-08-25 16:13:49,p2p_out,out,7829.18,KZT
1,Айгерим,Карта для путешествий,зп,Алматы,2025-08-26 09:29:13,p2p_out,out,14201.3,KZT
1,Айгерим,Карта для путешествий,зп,Алматы,2025-08-26 12:19:08,card_out,out,23260.79,KZT
1,Айгерим,Карта для путешествий,зп,Алматы,2025-08-26 12:23:26,card_out,out,21578.45,KZT
1,Айгерим,Карта для путешествий,зп,Алматы,2025-08-27 13:52:57,atm_withdrawal,out,28318.31,KZT
1,Айгерим,Карта для путешествий,зп,Алматы,2025-08-27 15:16:36,p2p_out,out,21985.04,KZT
1,Айгерим,Карта для путешествий,зп,Алматы,2025-08-28 09:54:26,cashback_in,in,10091.13,KZT
1,Айгерим,Карта для путешествий,зп,Алматы,2025-08-28 10:25:51,card_out,out,11432.17,KZT
1,Айгерим,Карта для путешествий,зп,Алматы,2025-08-28 12:41:00,card_out,out,38510.79,KZT
1,Айгерим,Карта для путешествий,зп,Алматы,2025-08-28 13:30:41,card_out,out,14694.38,KZT
1,Айгерим,Карта для путешествий,зп,Алматы,2025-08-29 11:57:21,loan_payment_out,out,31800.31,KZT
1,Айгерим,Карта для путешествий,зп,Алматы,2025-08-29 17:20:22,card_in,in,10254.16,KZT
1,Айгерим,Карта для путешествий,зп,Алматы,2025-08-30 09:05:46,card_out,out,55345.9,KZT
1,Айгерим,Карта для путешествий,зп,Алматы,2025-08-30 09:27:07,loan_payment_out,out,63391.24,KZT
1,Айгерим,Карта для путешествий,зп,Алматы,2025-08-30 11:22:34,card_out,out,26000.11,KZT
1,Айгерим,Карта для путешествий,зп,Алматы,2025-08-30 14:44:43,refund_in,in,12127.42,KZT
1,Айгерим,Карта для путешествий,зп,Алматы,2025-08-30 15:26:18,card_out,out,36485.0,KZT
1,Айгерим,Карта для путешествий,зп,Алматы,2025-08-30 15:31:03,p2p_out,out,24796.82,KZT
1,Айгерим,Карта для путешествий,зп,Алматы,2025-08-31 09:21:53,p2p_out,out,18330.69,KZT
1,Айгерим,Карта для путешествий,зп,Алматы,2025-08-31 10:51:52,card_out,out,16982.82,KZT
1,Айгерим,Карта для путешествий,зп,Алматы,2025-08-31 11:51:32,card_out,out,43786.54,KZT
