﻿client_code,name,product,status,city,date,type,direction,amount,currency
34,Инкар,Депозит Мультивалютный,Стандартный клиент,Караганда,2025-06-01 13:56:29,salary_in,in,363596.47,KZT
34,Инкар,Депозит Мультивалютный,Стандартный клиент,Караганда,2025-06-02 10:23:55,p2p_out,out,30682.34,KZT
34,Инкар,Депозит Мультивалютный,Стандартный клиент,Караганда,2025-06-02 11:25:31,p2p_out,out,36016.0,KZT
34,Инкар,Депозит Мультивалютный,Стандартный клиент,Караганда,2025-06-02 13:39:57,atm_withdrawal,out,28374.62,KZT
34,Инкар,Депозит Мультивалютный,Стандартный клиент,Караганда,2025-06-02 14:54:04,card_out,out,14844.79,KZT
34,Инкар,Депозит Мультивалютный,Стандартный клиент,Караганда,2025-06-02 21:08:56,card_out,out,23279.32,KZT
34,Инкар,Депозит Мультивалютный,Стандартный клиент,Караганда,2025-06-03 11:39:21,p2p_out,out,13782.67,KZT
34,Инкар,Депозит Мультивалютный,Стандартный клиент,Караганда,2025-06-03 13:36:38,card_out,out,39435.67,KZT
34,Инкар,Депозит Мультивалютный,Стандартный клиент,Караганда,2025-06-03 14:02:10,card_out,out,14420.47,KZT
34,Инкар,Депозит Мультивалютный,Стандартный клиент,Караганда,2025-06-03 16:53:34,card_in,in,46110.34,KZT
34,Инкар,Депозит Мультивалютный,Стандартный клиент,Караганда,2025-06-03 19:03:08,card_out,out,26874.46,KZT
34,Инкар,Депозит Мультивалютный,Стандартный клиент,Караганда,2025-06-03 21:51:10,card_out,out,18002.27,KZT
34,Инкар,Депозит Мультивалютный,Стандартный клиент,Караганда,2025-06-04 08:41:05,p2p_out,out,10191.89,KZT
34,Инкар,Депозит Мультивалютный,Стандартный клиент,Караганда,2025-06-04 14:10:25,card_out,out,11386.62,KZT
34,Инкар,Депозит Мультивалютный,Стандартный клиент,Караганда,2025-06-04 15:26:19,card_out,out,27976.69,KZT
34,Инкар,Депозит Мультивалютный,Стандартный клиент,Караганда,2025-06-04 17:19:00,card_out,out,20299.29,KZT
34,Инкар,Депозит Мультивалютный,Стандартный клиент,Караганда,2025-06-05 08:24:38,p2p_out,out,24820.33,KZT
34,Инкар,Депозит Мультивалютный,Стандартный клиент,Караганда,2025-06-05 14:10:53,atm_withdrawal,out,27058.9,KZT
34,Инкар,Депозит Мультивалютный,Стандартный клиент,Караганда,2025-06-05 15:11:32,card_out,out,17057.26,KZT
34,Инкар,Депозит Мультивалютный,Стандартный клиент,Караганда,2025-06-05 16:16:39,card_out,out,29984.78,KZT
34,Инкар,Депозит Мультивалютный,Стандартный клиент,Караганда,2025-06-06 08:08:54,card_out,out,7328.83,KZT
34,Инкар,Депозит Мультивалютный,Стандартный клиент,Караганда,2025-06-06 08:27:29,card_out,out,16397.74,KZT
34,Инкар,Депозит Мультивалютный,Стандартный клиент,Караганда,2025-06-06 10:10:23,card_out,out,16101.35,KZT
34,Инкар,Депозит Мультивалютный,Стандартный клиент,Караганда,2025-06-06 17:01:23,card_out,out,11330.77,KZT
34,Инкар,Депозит Мультивалютный,Стандартный клиент,Караганда,2025-06-07 08:55:19,cashback_in,in,23040.94,KZT
34,Инкар,Депозит Мультивалютный,Стандартный клиент,Караганда,2025-06-07 09:48:09,p2p_out,out,25135.25,KZT
34,Инкар,Депозит Мультивалютный,Стандартный клиент,Караганда,2025-06-07 18:43:00,card_in,in,10383.58,KZT
34,Инкар,Депозит Мультивалютный,Стандартный клиент,Караганда,2025-06-08 14:11:56,p2p_out,out,7857.19,KZT
34,Инкар,Депозит Мультивалютный,Стандартный клиент,Караганда,2025-06-08 17:24:33,p2p_out,out,50740.34,KZT
34,Инкар,Депозит Мультивалютный,Стандартный клиент,Караганда,2025-06-08 19:16:55,card_out,out,11259.12,KZT
34,Инкар,Депозит Мультивалютный,Стандартный клиент,Караганда,2025-06-09 12:56:40,card_out,out,10543.91,KZT
34,Инкар,Депозит Мультивалютный,Стандартный клиент,Караганда,2025-06-09 14:48:45,card_out,out,22202.4,KZT
34,Инкар,Депозит Мультивалютный,Стандартный клиент,Караганда,2025-06-09 18:01:50,card_out,out,22852.59,KZT
34,Инкар,Депозит Мультивалютный,Стандартный клиент,Караганда,2025-06-09 20:04:45,card_out,out,11331.43,KZT
34,Инкар,Депозит Мультивалютный,Стандартный клиент,Караганда,2025-06-10 12:08:51,card_out,out,28029.57,KZT
34,Инкар,Депозит Мультивалютный,Стандартный клиент,Караганда,2025-06-11 10:06:49,card_out,out,10200.24,KZT
34,Инкар,Депозит Мультивалютный,Стандартный клиент,Караганда,2025-06-11 20:52:52,p2p_out,out,16502.72,KZT
34,Инкар,Депозит Мультивалютный,Стандартный клиент,Караганда,2025-06-11 21:12:56,card_out,out,10013.98,KZT
34,Инкар,Депозит Мультивалютный,Стандартный клиент,Караганда,2025-06-12 09:14:20,card_out,out,18023.06,KZT
34,Инкар,Депозит Мультивалютный,Стандартный клиент,Караганда,2025-06-12 13:23:08,card_out,out,26325.3,KZT
34,Инкар,Депозит Мультивалютный,Стандартный клиент,Караганда,2025-06-12 13:25:02,card_out,out,34933.87,KZT
34,Инкар,Депозит Мультивалютный,Стандартный клиент,Караганда,2025-06-14 10:30:40,loan_payment_out,out,61965.0,KZT
34,Инкар,Депозит Мультивалютный,Стандартный клиент,Караганда,2025-06-14 13:00:47,card_out,out,19342.75,KZT
34,Инкар,Депозит Мультивалютный,Стандартный клиент,Караганда,2025-06-14 17:04:04,card_out,out,12876.12,KZT
34,Инкар,Депозит Мультивалютный,Стандартный клиент,Караганда,2025-06-15 11:31:30,card_out,out,13795.56,KZT
34,Инкар,Депозит Мультивалютный,Стандартный клиент,Караганда,2025-06-16 13:43:19,card_out,out,9252.2,KZT
34,Инкар,Депозит Мультивалютный,Стандартный клиент,Караганда,2025-06-16 21:27:20,card_out,out,27941.55,KZT
34,Инкар,Депозит Мультивалютный,Стандартный клиент,Караганда,2025-06-17 08:22:38,card_out,out,30409.05,KZT
34,Инкар,Депозит Мультивалютный,Стандартный клиент,Караганда,2025-06-17 10:11:44,card_out,out,78834.03,KZT
34,Инкар,Депозит Мультивалютный,Стандартный клиент,Караганда,2025-06-17 10:19:00,card_in,in,6898.87,KZT
34,Инкар,Депозит Мультивалютный,Стандартный клиент,Караганда,2025-06-17 12:33:13,card_out,out,54431.04,KZT
34,Инкар,Депозит Мультивалютный,Стандартный клиент,Караганда,2025-06-17 13:07:01,card_out,out,23386.19,KZT
34,Инкар,Депозит Мультивалютный,Стандартный клиент,Караганда,2025-06-17 18:39:30,card_out,out,23144.05,KZT
34,Инкар,Депозит Мультивалютный,Стандартный клиент,Караганда,2025-06-18 16:02:27,utilities_out,out,43917.43,KZT
34,Инкар,Депозит Мультивалютный,Стандартный клиент,Караганда,2025-06-18 17:35:05,card_out,out,12677.31,KZT
34,Инкар,Депозит Мультивалютный,Стандартный клиент,Караганда,2025-06-18 20:25:23,card_in,in,44545.88,KZT
34,Инкар,Депозит Мультивалютный,Стандартный клиент,Караганда,2025-06-18 21:41:19,p2p_out,out,33332.47,KZT
34,Инкар,Депозит Мультивалютный,Стандартный клиент,Караганда,2025-06-19 08:38:33,p2p_out,out,9821.64,KZT
34,Инкар,Депозит Мультивалютный,Стандартный клиент,Караганда,2025-06-19 09:57:42,refund_in,in,13774.3,KZT
34,Инкар,Депозит Мультивалютный,Стандартный клиент,Караганда,2025-06-19 16:45:47,card_out,out,8506.41,KZT
34,Инкар,Депозит Мультивалютный,Стандартный клиент,Караганда,2025-06-20 16:57:44,card_out,out,27199.51,KZT
34,Инкар,Депозит Мультивалютный,Стандартный клиент,Караганда,2025-06-20 17:10:34,p2p_out,out,18380.45,KZT
34,Инкар,Депозит Мультивалютный,Стандартный клиент,Караганда,2025-06-20 18:55:01,loan_payment_out,out,71669.35,KZT
34,Инкар,Депозит Мультивалютный,Стандартный клиент,Караганда,2025-06-20 21:16:39,refund_in,in,11701.22,KZT
34,Инкар,Депозит Мультивалютный,Стандартный клиент,Караганда,2025-06-21 13:05:56,card_out,out,28938.9,KZT
34,Инкар,Депозит Мультивалютный,Стандартный клиент,Караганда,2025-06-21 15:07:56,card_out,out,16342.92,KZT
34,Инкар,Депозит Мультивалютный,Стандартный клиент,Караганда,2025-06-21 15:21:14,card_out,out,28858.53,KZT
34,Инкар,Депозит Мультивалютный,Стандартный клиент,Караганда,2025-06-21 19:17:31,card_out,out,9115.43,KZT
34,Инкар,Депозит Мультивалютный,Стандартный клиент,Караганда,2025-06-21 19:18:42,card_in,in,22945.01,KZT
34,Инкар,Депозит Мультивалютный,Стандартный клиент,Караганда,2025-06-22 19:56:06,utilities_out,out,24751.91,KZT
34,Инкар,Депозит Мультивалютный,Стандартный клиент,Караганда,2025-06-23 08:22:58,utilities_out,out,22461.29,KZT
34,Инкар,Депозит Мультивалютный,Стандартный клиент,Караганда,2025-06-23 10:33:15,utilities_out,out,9668.42,KZT
34,Инкар,Депозит Мультивалютный,Стандартный клиент,Караганда,2025-06-23 11:03:41,atm_withdrawal,out,172531.65,KZT
34,Инкар,Депозит Мультивалютный,Стандартный клиент,Караганда,2025-06-23 13:37:50,card_out,out,22637.44,KZT
34,Инкар,Депозит Мультивалютный,Стандартный клиент,Караганда,2025-06-23 18:04:52,p2p_out,out,13923.54,KZT
34,Инкар,Депозит Мультивалютный,Стандартный клиент,Караганда,2025-06-23 21:42:39,card_out,out,20993.02,KZT
34,Инкар,Депозит Мультивалютный,Стандартный клиент,Караганда,2025-06-24 11:07:57,card_out,out,14375.32,KZT
34,Инкар,Депозит Мультивалютный,Стандартный клиент,Караганда,2025-06-24 19:30:59,atm_withdrawal,out,29277.19,KZT
34,Инкар,Депозит Мультивалютный,Стандартный клиент,Караганда,2025-06-24 20:43:12,card_out,out,50772.67,KZT
34,Инкар,Депозит Мультивалютный,Стандартный клиент,Караганда,2025-06-25 09:18:14,p2p_out,out,12734.62,KZT
34,Инкар,Депозит Мультивалютный,Стандартный клиент,Караганда,2025-06-25 10:34:37,card_out,out,23530.23,KZT
34,Инкар,Депозит Мультивалютный,Стандартный клиент,Караганда,2025-06-25 11:59:02,p2p_out,out,29538.96,KZT
34,Инкар,Депозит Мультивалютный,Стандартный клиент,Караганда,2025-06-25 16:37:46,card_out,out,19348.39,KZT
34,Инкар,Депозит Мультивалютный,Стандартный клиент,Караганда,2025-06-25 19:44:10,loan_payment_out,out,75044.2,KZT
34,Инкар,Депозит Мультивалютный,Стандартный клиент,Караганда,2025-06-26 10:15:52,p2p_out,out,38008.13,KZT
34,Инкар,Депозит Мультивалютный,Стандартный клиент,Караганда,2025-06-26 11:24:52,cashback_in,in,42434.74,KZT
34,Инкар,Депозит Мультивалютный,Стандартный клиент,Караганда,2025-06-26 15:06:56,p2p_out,out,13880.33,KZT
34,Инкар,Депозит Мультивалютный,Стандартный клиент,Караганда,2025-06-26 17:30:36,card_out,out,4157.02,KZT
34,Инкар,Депозит Мультивалютный,Стандартный клиент,Караганда,2025-06-27 12:44:11,card_out,out,17979.68,KZT
34,Инкар,Депозит Мультивалютный,Стандартный клиент,Караганда,2025-06-27 17:49:30,atm_withdrawal,out,24480.1,KZT
34,Инкар,Депозит Мультивалютный,Стандартный клиент,Караганда,2025-06-27 19:39:27,p2p_out,out,34172.04,KZT
34,Инкар,Депозит Мультивалютный,Стандартный клиент,Караганда,2025-06-28 08:40:04,p2p_out,out,28787.26,KZT
34,Инкар,Депозит Мультивалютный,Стандартный клиент,Караганда,2025-06-28 12:18:32,card_out,out,9659.6,KZT
34,Инкар,Депозит Мультивалютный,Стандартный клиент,Караганда,2025-06-29 09:10:05,p2p_out,out,27524.07,KZT
34,Инкар,Депозит Мультивалютный,Стандартный клиент,Караганда,2025-06-29 15:08:20,cashback_in,in,16248.71,KZT
34,Инкар,Депозит Мультивалютный,Стандартный клиент,Караганда,2025-06-29 15:38:52,card_out,out,23994.17,KZT
34,Инкар,Депозит Мультивалютный,Стандартный клиент,Караганда,2025-06-30 08:08:16,card_out,out,8951.56,KZT
34,Инкар,Депозит Мультивалютный,Стандартный клиент,Караганда,2025-06-30 18:47:14,card_out,out,6248.62,KZT
34,Инкар,Депозит Мультивалютный,Стандартный клиент,Караганда,2025-06-30 20:07:24,utilities_out,out,22660.46,KZT
34,Инкар,Депозит Мультивалютный,Стандартный клиент,Караганда,2025-06-30 21:49:04,atm_withdrawal,out,51090.89,KZT
34,Инкар,Депозит Мультивалютный,Стандартный клиент,Караганда,2025-07-01 08:50:09,card_out,out,14616.61,KZT
34,Инкар,Депозит Мультивалютный,Стандартный клиент,Караганда,2025-07-01 16:58:37,p2p_out,out,22473.88,KZT
34,Инкар,Депозит Мультивалютный,Стандартный клиент,Караганда,2025-07-01 21:37:31,card_out,out,11536.69,KZT
34,Инкар,Депозит Мультивалютный,Стандартный клиент,Караганда,2025-07-02 16:34:55,atm_withdrawal,out,75017.83,KZT
34,Инкар,Депозит Мультивалютный,Стандартный клиент,Караганда,2025-07-03 08:01:14,card_out,out,36314.44,KZT
34,Инкар,Депозит Мультивалютный,Стандартный клиент,Караганда,2025-07-03 08:13:01,loan_payment_out,out,39582.64,KZT
34,Инкар,Депозит Мультивалютный,Стандартный клиент,Караганда,2025-07-03 17:34:59,card_out,out,22160.01,KZT
34,Инкар,Депозит Мультивалютный,Стандартный клиент,Караганда,2025-07-04 08:16:33,card_out,out,27180.45,KZT
34,Инкар,Депозит Мультивалютный,Стандартный клиент,Караганда,2025-07-04 10:46:59,utilities_out,out,39724.59,KZT
34,Инкар,Депозит Мультивалютный,Стандартный клиент,Караганда,2025-07-05 08:19:16,card_out,out,16878.3,KZT
34,Инкар,Депозит Мультивалютный,Стандартный клиент,Караганда,2025-07-05 10:49:54,card_out,out,25436.16,KZT
34,Инкар,Депозит Мультивалютный,Стандартный клиент,Караганда,2025-07-05 14:28:38,utilities_out,out,14468.5,KZT
34,Инкар,Депозит Мультивалютный,Стандартный клиент,Караганда,2025-07-05 19:10:42,cashback_in,in,8615.61,KZT
34,Инкар,Депозит Мультивалютный,Стандартный клиент,Караганда,2025-07-05 19:17:04,p2p_out,out,9577.04,KZT
34,Инкар,Депозит Мультивалютный,Стандартный клиент,Караганда,2025-07-05 21:18:03,card_out,out,23214.46,KZT
34,Инкар,Депозит Мультивалютный,Стандартный клиент,Караганда,2025-07-05 21:34:52,utilities_out,out,24239.09,KZT
34,Инкар,Депозит Мультивалютный,Стандартный клиент,Караганда,2025-07-06 11:28:44,p2p_out,out,5483.9,KZT
34,Инкар,Депозит Мультивалютный,Стандартный клиент,Караганда,2025-07-06 14:02:09,card_out,out,7050.53,KZT
34,Инкар,Депозит Мультивалютный,Стандартный клиент,Караганда,2025-07-06 17:36:44,atm_withdrawal,out,11921.28,KZT
34,Инкар,Депозит Мультивалютный,Стандартный клиент,Караганда,2025-07-07 13:13:18,card_out,out,15659.39,KZT
34,Инкар,Депозит Мультивалютный,Стандартный клиент,Караганда,2025-07-07 19:44:36,p2p_out,out,11120.8,KZT
34,Инкар,Депозит Мультивалютный,Стандартный клиент,Караганда,2025-07-07 21:34:35,card_out,out,9075.78,KZT
34,Инкар,Депозит Мультивалютный,Стандартный клиент,Караганда,2025-07-08 10:55:36,card_out,out,8074.54,KZT
34,Инкар,Депозит Мультивалютный,Стандартный клиент,Караганда,2025-07-08 11:47:01,card_out,out,13863.42,KZT
34,Инкар,Депозит Мультивалютный,Стандартный клиент,Караганда,2025-07-08 11:59:21,p2p_out,out,20593.34,KZT
34,Инкар,Депозит Мультивалютный,Стандартный клиент,Караганда,2025-07-08 16:45:19,card_out,out,20859.22,KZT
34,Инкар,Депозит Мультивалютный,Стандартный клиент,Караганда,2025-07-09 08:06:49,p2p_out,out,15158.97,KZT
34,Инкар,Депозит Мультивалютный,Стандартный клиент,Караганда,2025-07-09 15:45:24,card_out,out,33172.52,KZT
34,Инкар,Депозит Мультивалютный,Стандартный клиент,Караганда,2025-07-09 16:08:02,card_out,out,18675.39,KZT
34,Инкар,Депозит Мультивалютный,Стандартный клиент,Караганда,2025-07-10 09:14:56,card_out,out,11193.78,KZT
34,Инкар,Депозит Мультивалютный,Стандартный клиент,Караганда,2025-07-10 09:26:58,card_out,out,12301.05,KZT
34,Инкар,Депозит Мультивалютный,Стандартный клиент,Караганда,2025-07-10 13:38:00,atm_withdrawal,out,24777.5,KZT
34,Инкар,Депозит Мультивалютный,Стандартный клиент,Караганда,2025-07-10 14:16:43,p2p_out,out,20691.58,KZT
34,Инкар,Депозит Мультивалютный,Стандартный клиент,Караганда,2025-07-10 19:32:13,card_out,out,17623.81,KZT
34,Инкар,Депозит Мультивалютный,Стандартный клиент,Караганда,2025-07-11 14:06:35,card_out,out,18768.34,KZT
34,Инкар,Депозит Мультивалютный,Стандартный клиент,Караганда,2025-07-11 15:38:12,p2p_out,out,24404.34,KZT
34,Инкар,Депозит Мультивалютный,Стандартный клиент,Караганда,2025-07-11 18:40:18,utilities_out,out,24792.43,KZT
34,Инкар,Депозит Мультивалютный,Стандартный клиент,Караганда,2025-07-12 08:08:00,p2p_out,out,47158.98,KZT
34,Инкар,Депозит Мультивалютный,Стандартный клиент,Караганда,2025-07-12 13:59:33,cashback_in,in,9416.06,KZT
34,Инкар,Депозит Мультивалютный,Стандартный клиент,Караганда,2025-07-12 15:22:18,card_out,out,19965.07,KZT
34,Инкар,Депозит Мультивалютный,Стандартный клиент,Караганда,2025-07-12 19:09:53,card_out,out,30554.19,KZT
34,Инкар,Депозит Мультивалютный,Стандартный клиент,Караганда,2025-07-13 08:44:43,card_out,out,9384.97,KZT
34,Инкар,Депозит Мультивалютный,Стандартный клиент,Караганда,2025-07-13 09:50:52,card_out,out,27320.43,KZT
34,Инкар,Депозит Мультивалютный,Стандартный клиент,Караганда,2025-07-13 19:43:40,card_out,out,14733.19,KZT
34,Инкар,Депозит Мультивалютный,Стандартный клиент,Караганда,2025-07-13 21:54:46,p2p_out,out,17485.3,KZT
34,Инкар,Депозит Мультивалютный,Стандартный клиент,Караганда,2025-07-14 09:01:17,p2p_out,out,13041.34,KZT
34,Инкар,Депозит Мультивалютный,Стандартный клиент,Караганда,2025-07-14 11:03:57,card_out,out,17884.3,KZT
34,Инкар,Депозит Мультивалютный,Стандартный клиент,Караганда,2025-07-14 11:30:17,card_out,out,9730.55,KZT
34,Инкар,Депозит Мультивалютный,Стандартный клиент,Караганда,2025-07-14 20:07:54,utilities_out,out,24233.72,KZT
34,Инкар,Депозит Мультивалютный,Стандартный клиент,Караганда,2025-07-14 21:15:29,card_out,out,22164.68,KZT
34,Инкар,Депозит Мультивалютный,Стандартный клиент,Караганда,2025-07-16 11:29:15,refund_in,in,10863.93,KZT
34,Инкар,Депозит Мультивалютный,Стандартный клиент,Караганда,2025-07-16 13:35:01,card_out,out,31710.23,KZT
34,Инкар,Депозит Мультивалютный,Стандартный клиент,Караганда,2025-07-16 21:43:26,card_out,out,37133.45,KZT
34,Инкар,Депозит Мультивалютный,Стандартный клиент,Караганда,2025-07-17 11:57:07,loan_payment_out,out,60445.15,KZT
34,Инкар,Депозит Мультивалютный,Стандартный клиент,Караганда,2025-07-17 12:26:25,p2p_out,out,74920.43,KZT
34,Инкар,Депозит Мультивалютный,Стандартный клиент,Караганда,2025-07-17 18:07:30,card_out,out,11223.84,KZT
34,Инкар,Депозит Мультивалютный,Стандартный клиент,Караганда,2025-07-18 16:09:50,card_in,in,3865.02,KZT
34,Инкар,Депозит Мультивалютный,Стандартный клиент,Караганда,2025-07-18 18:55:40,card_out,out,10909.92,KZT
34,Инкар,Депозит Мультивалютный,Стандартный клиент,Караганда,2025-07-19 11:33:27,card_out,out,17870.09,KZT
34,Инкар,Депозит Мультивалютный,Стандартный клиент,Караганда,2025-07-19 14:29:31,card_in,in,10018.66,KZT
34,Инкар,Депозит Мультивалютный,Стандартный клиент,Караганда,2025-07-19 15:03:46,loan_payment_out,out,75221.05,KZT
34,Инкар,Депозит Мультивалютный,Стандартный клиент,Караганда,2025-07-20 11:22:22,salary_in,in,411455.25,KZT
34,Инкар,Депозит Мультивалютный,Стандартный клиент,Караганда,2025-07-20 13:31:02,p2p_out,out,8720.48,KZT
34,Инкар,Депозит Мультивалютный,Стандартный клиент,Караганда,2025-07-20 15:28:34,card_out,out,18318.75,KZT
34,Инкар,Депозит Мультивалютный,Стандартный клиент,Караганда,2025-07-20 20:48:28,card_out,out,27161.41,KZT
34,Инкар,Депозит Мультивалютный,Стандартный клиент,Караганда,2025-07-21 18:52:00,p2p_out,out,63268.73,KZT
34,Инкар,Депозит Мультивалютный,Стандартный клиент,Караганда,2025-07-22 10:19:37,p2p_out,out,24073.92,KZT
34,Инкар,Депозит Мультивалютный,Стандартный клиент,Караганда,2025-07-22 12:21:23,card_out,out,11306.01,KZT
34,Инкар,Депозит Мультивалютный,Стандартный клиент,Караганда,2025-07-22 15:23:31,card_in,in,15530.23,KZT
34,Инкар,Депозит Мультивалютный,Стандартный клиент,Караганда,2025-07-22 17:24:18,card_in,in,8823.2,KZT
34,Инкар,Депозит Мультивалютный,Стандартный клиент,Караганда,2025-07-22 20:47:24,p2p_out,out,98142.14,KZT
34,Инкар,Депозит Мультивалютный,Стандартный клиент,Караганда,2025-07-23 08:00:43,card_out,out,8873.32,KZT
34,Инкар,Депозит Мультивалютный,Стандартный клиент,Караганда,2025-07-23 08:02:48,card_out,out,12773.48,KZT
34,Инкар,Депозит Мультивалютный,Стандартный клиент,Караганда,2025-07-23 08:48:58,card_out,out,22820.13,KZT
34,Инкар,Депозит Мультивалютный,Стандартный клиент,Караганда,2025-07-24 08:27:09,card_out,out,19618.27,KZT
34,Инкар,Депозит Мультивалютный,Стандартный клиент,Караганда,2025-07-24 10:41:59,card_out,out,18131.78,KZT
34,Инкар,Депозит Мультивалютный,Стандартный клиент,Караганда,2025-07-24 15:15:04,p2p_out,out,30773.84,KZT
34,Инкар,Депозит Мультивалютный,Стандартный клиент,Караганда,2025-07-24 20:24:55,card_out,out,23112.87,KZT
34,Инкар,Депозит Мультивалютный,Стандартный клиент,Караганда,2025-07-25 14:26:25,card_out,out,21815.29,KZT
34,Инкар,Депозит Мультивалютный,Стандартный клиент,Караганда,2025-07-25 18:49:47,atm_withdrawal,out,43583.55,KZT
34,Инкар,Депозит Мультивалютный,Стандартный клиент,Караганда,2025-07-26 18:42:08,card_out,out,14365.29,KZT
34,Инкар,Депозит Мультивалютный,Стандартный клиент,Караганда,2025-07-27 09:03:20,card_out,out,21239.58,KZT
34,Инкар,Депозит Мультивалютный,Стандартный клиент,Караганда,2025-07-27 10:58:23,card_out,out,17318.56,KZT
34,Инкар,Депозит Мультивалютный,Стандартный клиент,Караганда,2025-07-27 12:08:49,card_out,out,33466.64,KZT
34,Инкар,Депозит Мультивалютный,Стандартный клиент,Караганда,2025-07-27 21:52:56,p2p_out,out,34408.74,KZT
34,Инкар,Депозит Мультивалютный,Стандартный клиент,Караганда,2025-07-28 09:15:55,card_out,out,13439.55,KZT
34,Инкар,Депозит Мультивалютный,Стандартный клиент,Караганда,2025-07-28 10:47:23,card_out,out,22238.82,KZT
34,Инкар,Депозит Мультивалютный,Стандартный клиент,Караганда,2025-07-28 12:22:15,p2p_out,out,16909.2,KZT
34,Инкар,Депозит Мультивалютный,Стандартный клиент,Караганда,2025-07-28 16:03:10,p2p_out,out,17063.83,KZT
34,Инкар,Депозит Мультивалютный,Стандартный клиент,Караганда,2025-07-29 11:12:14,card_out,out,14842.83,KZT
34,Инкар,Депозит Мультивалютный,Стандартный клиент,Караганда,2025-07-30 09:29:28,atm_withdrawal,out,29601.18,KZT
34,Инкар,Депозит Мультивалютный,Стандартный клиент,Караганда,2025-07-30 14:50:03,card_out,out,7170.43,KZT
34,Инкар,Депозит Мультивалютный,Стандартный клиент,Караганда,2025-07-30 15:38:57,atm_withdrawal,out,43724.8,KZT
34,Инкар,Депозит Мультивалютный,Стандартный клиент,Караганда,2025-07-31 09:25:48,card_out,out,17023.64,KZT
34,Инкар,Депозит Мультивалютный,Стандартный клиент,Караганда,2025-07-31 09:39:14,card_in,in,12506.28,KZT
34,Инкар,Депозит Мультивалютный,Стандартный клиент,Караганда,2025-07-31 09:48:45,refund_in,in,18248.65,KZT
34,Инкар,Депозит Мультивалютный,Стандартный клиент,Караганда,2025-07-31 11:42:14,card_out,out,8086.07,KZT
34,Инкар,Депозит Мультивалютный,Стандартный клиент,Караганда,2025-07-31 11:43:53,card_out,out,21672.89,KZT
34,Инкар,Депозит Мультивалютный,Стандартный клиент,Караганда,2025-07-31 12:54:21,cashback_in,in,6180.72,KZT
34,Инкар,Депозит Мультивалютный,Стандартный клиент,Караганда,2025-07-31 16:30:31,card_out,out,11731.54,KZT
34,Инкар,Депозит Мультивалютный,Стандартный клиент,Караганда,2025-08-01 10:30:52,p2p_out,out,11252.01,KZT
34,Инкар,Депозит Мультивалютный,Стандартный клиент,Караганда,2025-08-01 11:17:43,card_out,out,14452.35,KZT
34,Инкар,Депозит Мультивалютный,Стандартный клиент,Караганда,2025-08-02 12:59:24,card_out,out,18259.33,KZT
34,Инкар,Депозит Мультивалютный,Стандартный клиент,Караганда,2025-08-02 17:05:39,p2p_out,out,20711.44,KZT
34,Инкар,Депозит Мультивалютный,Стандартный клиент,Караганда,2025-08-02 17:05:41,p2p_out,out,16970.15,KZT
34,Инкар,Депозит Мультивалютный,Стандартный клиент,Караганда,2025-08-03 14:54:52,card_in,in,6849.25,KZT
34,Инкар,Депозит Мультивалютный,Стандартный клиент,Караганда,2025-08-03 18:23:15,card_out,out,18242.85,KZT
34,Инкар,Депозит Мультивалютный,Стандартный клиент,Караганда,2025-08-04 16:44:17,utilities_out,out,30130.15,KZT
34,Инкар,Депозит Мультивалютный,Стандартный клиент,Караганда,2025-08-04 19:54:34,card_out,out,12139.65,KZT
34,Инкар,Депозит Мультивалютный,Стандартный клиент,Караганда,2025-08-04 21:38:31,refund_in,in,5855.98,KZT
34,Инкар,Депозит Мультивалютный,Стандартный клиент,Караганда,2025-08-05 14:49:09,card_out,out,57988.96,KZT
34,Инкар,Депозит Мультивалютный,Стандартный клиент,Караганда,2025-08-06 09:12:03,p2p_out,out,39131.49,KZT
34,Инкар,Депозит Мультивалютный,Стандартный клиент,Караганда,2025-08-06 12:43:13,card_out,out,10783.54,KZT
34,Инкар,Депозит Мультивалютный,Стандартный клиент,Караганда,2025-08-06 15:12:00,loan_payment_out,out,64128.83,KZT
34,Инкар,Депозит Мультивалютный,Стандартный клиент,Караганда,2025-08-06 17:26:47,atm_withdrawal,out,24079.42,KZT
34,Инкар,Депозит Мультивалютный,Стандартный клиент,Караганда,2025-08-06 19:22:17,atm_withdrawal,out,22820.61,KZT
34,Инкар,Депозит Мультивалютный,Стандартный клиент,Караганда,2025-08-06 20:01:26,card_out,out,16545.91,KZT
34,Инкар,Депозит Мультивалютный,Стандартный клиент,Караганда,2025-08-07 09:25:10,card_out,out,14548.07,KZT
34,Инкар,Депозит Мультивалютный,Стандартный клиент,Караганда,2025-08-07 14:57:51,card_out,out,23798.5,KZT
34,Инкар,Депозит Мультивалютный,Стандартный клиент,Караганда,2025-08-08 15:30:27,p2p_out,out,17561.19,KZT
34,Инкар,Депозит Мультивалютный,Стандартный клиент,Караганда,2025-08-08 20:54:37,card_out,out,65117.36,KZT
34,Инкар,Депозит Мультивалютный,Стандартный клиент,Караганда,2025-08-09 15:52:16,card_out,out,21289.08,KZT
34,Инкар,Депозит Мультивалютный,Стандартный клиент,Караганда,2025-08-09 17:40:23,loan_payment_out,out,74362.78,KZT
34,Инкар,Депозит Мультивалютный,Стандартный клиент,Караганда,2025-08-09 18:13:03,p2p_out,out,42843.11,KZT
34,Инкар,Депозит Мультивалютный,Стандартный клиент,Караганда,2025-08-09 21:20:51,card_out,out,76665.32,KZT
34,Инкар,Депозит Мультивалютный,Стандартный клиент,Караганда,2025-08-09 21:52:10,card_out,out,53047.49,KZT
34,Инкар,Депозит Мультивалютный,Стандартный клиент,Караганда,2025-08-10 08:11:11,card_out,out,24526.39,KZT
34,Инкар,Депозит Мультивалютный,Стандартный клиент,Караганда,2025-08-10 17:32:02,card_out,out,11943.06,KZT
34,Инкар,Депозит Мультивалютный,Стандартный клиент,Караганда,2025-08-10 20:22:00,card_out,out,31021.99,KZT
34,Инкар,Депозит Мультивалютный,Стандартный клиент,Караганда,2025-08-11 10:37:35,card_out,out,37525.99,KZT
34,Инкар,Депозит Мультивалютный,Стандартный клиент,Караганда,2025-08-11 12:30:34,p2p_out,out,25160.97,KZT
34,Инкар,Депозит Мультивалютный,Стандартный клиент,Караганда,2025-08-11 18:20:49,p2p_out,out,17740.76,KZT
34,Инкар,Депозит Мультивалютный,Стандартный клиент,Караганда,2025-08-12 10:02:35,atm_withdrawal,out,36759.35,KZT
34,Инкар,Депозит Мультивалютный,Стандартный клиент,Караганда,2025-08-13 08:09:30,card_out,out,10816.49,KZT
34,Инкар,Депозит Мультивалютный,Стандартный клиент,Караганда,2025-08-13 18:52:31,card_out,out,9487.09,KZT
34,Инкар,Депозит Мультивалютный,Стандартный клиент,Караганда,2025-08-13 19:12:39,card_out,out,20778.4,KZT
34,Инкар,Депозит Мультивалютный,Стандартный клиент,Караганда,2025-08-14 15:28:30,card_out,out,21071.41,KZT
34,Инкар,Депозит Мультивалютный,Стандартный клиент,Караганда,2025-08-14 20:21:06,atm_withdrawal,out,30811.42,KZT
34,Инкар,Депозит Мультивалютный,Стандартный клиент,Караганда,2025-08-14 21:40:53,card_out,out,10804.67,KZT
34,Инкар,Депозит Мультивалютный,Стандартный клиент,Караганда,2025-08-15 13:52:18,card_out,out,23102.76,KZT
34,Инкар,Депозит Мультивалютный,Стандартный клиент,Караганда,2025-08-15 15:46:14,utilities_out,out,8736.34,KZT
34,Инкар,Депозит Мультивалютный,Стандартный клиент,Караганда,2025-08-15 18:39:53,card_out,out,7741.33,KZT
34,Инкар,Депозит Мультивалютный,Стандартный клиент,Караганда,2025-08-16 12:19:10,card_out,out,24538.92,KZT
34,Инкар,Депозит Мультивалютный,Стандартный клиент,Караганда,2025-08-16 20:41:52,card_out,out,15564.24,KZT
34,Инкар,Депозит Мультивалютный,Стандартный клиент,Караганда,2025-08-16 21:06:07,card_out,out,14480.42,KZT
34,Инкар,Депозит Мультивалютный,Стандартный клиент,Караганда,2025-08-17 13:06:31,p2p_out,out,13927.21,KZT
34,Инкар,Депозит Мультивалютный,Стандартный клиент,Караганда,2025-08-17 15:39:41,card_in,in,16370.73,KZT
34,Инкар,Депозит Мультивалютный,Стандартный клиент,Караганда,2025-08-17 17:32:49,p2p_out,out,12430.86,KZT
34,Инкар,Депозит Мультивалютный,Стандартный клиент,Караганда,2025-08-17 17:38:15,p2p_out,out,27185.96,KZT
34,Инкар,Депозит Мультивалютный,Стандартный клиент,Караганда,2025-08-18 09:34:30,refund_in,in,5460.11,KZT
34,Инкар,Депозит Мультивалютный,Стандартный клиент,Караганда,2025-08-18 13:15:34,card_out,out,40125.18,KZT
34,Инкар,Депозит Мультивалютный,Стандартный клиент,Караганда,2025-08-19 20:45:47,card_out,out,22488.53,KZT
34,Инкар,Депозит Мультивалютный,Стандартный клиент,Караганда,2025-08-19 21:28:35,p2p_out,out,16067.38,KZT
34,Инкар,Депозит Мультивалютный,Стандартный клиент,Караганда,2025-08-20 14:38:20,card_out,out,9035.58,KZT
34,Инкар,Депозит Мультивалютный,Стандартный клиент,Караганда,2025-08-21 11:29:54,card_out,out,29841.22,KZT
34,Инкар,Депозит Мультивалютный,Стандартный клиент,Караганда,2025-08-21 11:41:59,cashback_in,in,12656.92,KZT
34,Инкар,Депозит Мультивалютный,Стандартный клиент,Караганда,2025-08-21 15:24:26,card_out,out,11032.51,KZT
34,Инкар,Депозит Мультивалютный,Стандартный клиент,Караганда,2025-08-21 20:40:39,card_out,out,21271.84,KZT
34,Инкар,Депозит Мультивалютный,Стандартный клиент,Караганда,2025-08-22 11:33:02,card_out,out,15240.72,KZT
34,Инкар,Депозит Мультивалютный,Стандартный клиент,Караганда,2025-08-22 20:09:49,p2p_out,out,15464.89,KZT
34,Инкар,Депозит Мультивалютный,Стандартный клиент,Караганда,2025-08-22 20:40:55,card_out,out,33241.0,KZT
34,Инкар,Депозит Мультивалютный,Стандартный клиент,Караганда,2025-08-23 11:00:29,loan_payment_out,out,49621.61,KZT
34,Инкар,Депозит Мультивалютный,Стандартный клиент,Караганда,2025-08-23 12:13:39,card_out,out,10911.32,KZT
34,Инкар,Депозит Мультивалютный,Стандартный клиент,Караганда,2025-08-23 15:27:07,card_in,in,8607.12,KZT
34,Инкар,Депозит Мультивалютный,Стандартный клиент,Караганда,2025-08-23 15:56:01,card_out,out,19941.17,KZT
34,Инкар,Депозит Мультивалютный,Стандартный клиент,Караганда,2025-08-24 10:35:31,card_in,in,6018.36,KZT
34,Инкар,Депозит Мультивалютный,Стандартный клиент,Караганда,2025-08-24 16:26:48,card_out,out,11386.93,KZT
34,Инкар,Депозит Мультивалютный,Стандартный клиент,Караганда,2025-08-24 18:38:03,card_in,in,22179.9,KZT
34,Инкар,Депозит Мультивалютный,Стандартный клиент,Караганда,2025-08-24 18:43:21,card_out,out,36966.25,KZT
34,Инкар,Депозит Мультивалютный,Стандартный клиент,Караганда,2025-08-25 08:51:00,salary_in,in,352064.88,KZT
34,Инкар,Депозит Мультивалютный,Стандартный клиент,Караганда,2025-08-25 09:03:15,p2p_out,out,41659.29,KZT
34,Инкар,Депозит Мультивалютный,Стандартный клиент,Караганда,2025-08-25 09:57:12,atm_withdrawal,out,27093.04,KZT
34,Инкар,Депозит Мультивалютный,Стандартный клиент,Караганда,2025-08-25 19:08:02,cashback_in,in,14593.85,KZT
34,Инкар,Депозит Мультивалютный,Стандартный клиент,Караганда,2025-08-26 11:09:17,p2p_out,out,15547.89,KZT
34,Инкар,Депозит Мультивалютный,Стандартный клиент,Караганда,2025-08-26 13:30:16,card_out,out,12786.74,KZT
34,Инкар,Депозит Мультивалютный,Стандартный клиент,Караганда,2025-08-26 18:04:39,card_out,out,23744.36,KZT
34,Инкар,Депозит Мультивалютный,Стандартный клиент,Караганда,2025-08-26 18:21:35,card_out,out,24133.04,KZT
34,Инкар,Депозит Мультивалютный,Стандартный клиент,Караганда,2025-08-26 19:27:50,card_out,out,34132.46,KZT
34,Инкар,Депозит Мультивалютный,Стандартный клиент,Караганда,2025-08-27 16:20:41,p2p_out,out,21128.92,KZT
34,Инкар,Депозит Мультивалютный,Стандартный клиент,Караганда,2025-08-27 19:11:04,p2p_out,out,6026.87,KZT
34,Инкар,Депозит Мультивалютный,Стандартный клиент,Караганда,2025-08-28 08:43:51,card_out,out,4819.6,KZT
34,Инкар,Депозит Мультивалютный,Стандартный клиент,Караганда,2025-08-28 15:48:14,utilities_out,out,31608.46,KZT
34,Инкар,Депозит Мультивалютный,Стандартный клиент,Караганда,2025-08-28 16:16:14,card_out,out,9402.98,KZT
34,Инкар,Депозит Мультивалютный,Стандартный клиент,Караганда,2025-08-28 16:54:30,card_out,out,9583.58,KZT
34,Инкар,Депозит Мультивалютный,Стандартный клиент,Караганда,2025-08-28 18:22:36,card_out,out,15345.81,KZT
34,Инкар,Депозит Мультивалютный,Стандартный клиент,Караганда,2025-08-29 10:09:14,utilities_out,out,33330.93,KZT
34,Инкар,Депозит Мультивалютный,Стандартный клиент,Караганда,2025-08-29 12:24:02,card_out,out,21122.55,KZT
34,Инкар,Депозит Мультивалютный,Стандартный клиент,Караганда,2025-08-29 14:32:40,card_out,out,20391.52,KZT
34,Инкар,Депозит Мультивалютный,Стандартный клиент,Караганда,2025-08-29 20:38:07,p2p_out,out,25754.78,KZT
34,Инкар,Депозит Мультивалютный,Стандартный клиент,Караганда,2025-08-30 09:42:29,utilities_out,out,13682.3,KZT
34,Инкар,Депозит Мультивалютный,Стандартный клиент,Караганда,2025-08-30 10:12:19,card_out,out,17614.21,KZT
34,Инкар,Депозит Мультивалютный,Стандартный клиент,Караганда,2025-08-30 11:25:59,card_out,out,30236.66,KZT
34,Инкар,Депозит Мультивалютный,Стандартный клиент,Караганда,2025-08-30 12:15:02,card_out,out,7138.51,KZT
34,Инкар,Депозит Мультивалютный,Стандартный клиент,Караганда,2025-08-30 13:35:42,card_out,out,8780.96,KZT
34,Инкар,Депозит Мультивалютный,Стандартный клиент,Караганда,2025-08-30 14:31:36,atm_withdrawal,out,39831.27,KZT
34,Инкар,Депозит Мультивалютный,Стандартный клиент,Караганда,2025-08-30 20:18:10,card_out,out,35639.55,KZT
34,Инкар,Депозит Мультивалютный,Стандартный клиент,Караганда,2025-08-30 20:32:22,p2p_out,out,33028.2,KZT
34,Инкар,Депозит Мультивалютный,Стандартный клиент,Караганда,2025-08-31 11:34:13,p2p_out,out,19911.97,KZT
34,Инкар,Депозит Мультивалютный,Стандартный клиент,Караганда,2025-08-31 12:27:01,cashback_in,in,11312.28,KZT
34,Инкар,Депозит Мультивалютный,Стандартный клиент,Караганда,2025-08-31 14:35:58,card_out,out,9313.08,KZT
