﻿client_code,name,product,status,city,date,type,direction,amount,currency
24,Гульмира,Обмен валют,зп,Усть-Каменогорск,2025-06-01 12:54:52,utilities_out,out,29862.66,KZT
24,Гульмира,Обмен валют,зп,Усть-Каменогорск,2025-06-01 17:59:21,loan_payment_out,out,70942.5,KZT
24,Гульмира,Обмен валют,зп,Усть-Каменогорск,2025-06-03 12:04:01,card_out,out,43795.74,KZT
24,Гульмира,Обмен валют,зп,Усть-Каменогорск,2025-06-03 12:04:36,card_out,out,41835.61,KZT
24,Гульмира,Обмен валют,зп,Усть-Каменогорск,2025-06-04 08:19:18,card_out,out,27121.13,KZT
24,Гульмира,Обмен валют,зп,Усть-Каменогорск,2025-06-04 11:39:48,fx_buy,out,144589.41,KZT
24,Гульмира,Обмен валют,зп,Усть-Каменогорск,2025-06-04 12:45:02,card_out,out,9485.15,KZT
24,Гульмира,Обмен валют,зп,Усть-Каменогорск,2025-06-04 18:10:03,utilities_out,out,35823.23,KZT
24,Гульмира,Обмен валют,зп,Усть-Каменогорск,2025-06-05 09:42:23,card_in,in,15084.59,KZT
24,Гульмира,Обмен валют,зп,Усть-Каменогорск,2025-06-05 17:23:38,card_out,out,19079.34,KZT
24,Гульмира,Обмен валют,зп,Усть-Каменогорск,2025-06-06 12:43:48,utilities_out,out,42963.03,KZT
24,Гульмира,Обмен валют,зп,Усть-Каменогорск,2025-06-06 13:07:07,atm_withdrawal,out,54670.13,KZT
24,Гульмира,Обмен валют,зп,Усть-Каменогорск,2025-06-06 16:05:48,card_in,in,8205.02,KZT
24,Гульмира,Обмен валют,зп,Усть-Каменогорск,2025-06-06 19:21:02,loan_payment_out,out,62721.82,KZT
24,Гульмира,Обмен валют,зп,Усть-Каменогорск,2025-06-07 08:47:55,card_out,out,14123.8,KZT
24,Гульмира,Обмен валют,зп,Усть-Каменогорск,2025-06-07 09:33:07,card_out,out,9771.19,KZT
24,Гульмира,Обмен валют,зп,Усть-Каменогорск,2025-06-07 12:26:28,card_out,out,28566.15,KZT
24,Гульмира,Обмен валют,зп,Усть-Каменогорск,2025-06-07 13:56:55,p2p_out,out,34544.67,KZT
24,Гульмира,Обмен валют,зп,Усть-Каменогорск,2025-06-07 14:37:41,fx_buy,out,169491.54,KZT
24,Гульмира,Обмен валют,зп,Усть-Каменогорск,2025-06-07 15:55:54,p2p_out,out,13561.84,KZT
24,Гульмира,Обмен валют,зп,Усть-Каменогорск,2025-06-08 08:57:04,p2p_out,out,10801.78,KZT
24,Гульмира,Обмен валют,зп,Усть-Каменогорск,2025-06-08 09:05:56,fx_buy,out,207001.9,KZT
24,Гульмира,Обмен валют,зп,Усть-Каменогорск,2025-06-08 10:06:38,card_out,out,24614.8,KZT
24,Гульмира,Обмен валют,зп,Усть-Каменогорск,2025-06-08 17:14:48,card_out,out,9311.29,KZT
24,Гульмира,Обмен валют,зп,Усть-Каменогорск,2025-06-08 19:35:33,fx_sell,in,262646.36,KZT
24,Гульмира,Обмен валют,зп,Усть-Каменогорск,2025-06-08 19:54:09,refund_in,in,3085.99,KZT
24,Гульмира,Обмен валют,зп,Усть-Каменогорск,2025-06-08 20:50:05,card_out,out,11945.96,KZT
24,Гульмира,Обмен валют,зп,Усть-Каменогорск,2025-06-09 12:38:11,p2p_out,out,15106.78,KZT
24,Гульмира,Обмен валют,зп,Усть-Каменогорск,2025-06-09 15:26:36,card_out,out,13099.31,KZT
24,Гульмира,Обмен валют,зп,Усть-Каменогорск,2025-06-09 15:55:32,card_out,out,15640.66,KZT
24,Гульмира,Обмен валют,зп,Усть-Каменогорск,2025-06-09 16:20:20,fx_buy,out,367582.26,KZT
24,Гульмира,Обмен валют,зп,Усть-Каменогорск,2025-06-09 17:28:33,card_out,out,16852.22,KZT
24,Гульмира,Обмен валют,зп,Усть-Каменогорск,2025-06-09 19:09:00,p2p_out,out,19262.95,KZT
24,Гульмира,Обмен валют,зп,Усть-Каменогорск,2025-06-09 21:03:20,card_in,in,11709.64,KZT
24,Гульмира,Обмен валют,зп,Усть-Каменогорск,2025-06-10 14:16:03,p2p_out,out,11291.54,KZT
24,Гульмира,Обмен валют,зп,Усть-Каменогорск,2025-06-11 11:11:04,fx_buy,out,310812.02,KZT
24,Гульмира,Обмен валют,зп,Усть-Каменогорск,2025-06-11 13:55:29,cashback_in,in,11290.62,KZT
24,Гульмира,Обмен валют,зп,Усть-Каменогорск,2025-06-11 16:54:57,p2p_out,out,26965.86,KZT
24,Гульмира,Обмен валют,зп,Усть-Каменогорск,2025-06-11 17:39:43,fx_sell,in,324876.97,KZT
24,Гульмира,Обмен валют,зп,Усть-Каменогорск,2025-06-11 19:23:40,utilities_out,out,22606.44,KZT
24,Гульмира,Обмен валют,зп,Усть-Каменогорск,2025-06-12 08:33:07,card_out,out,18962.18,KZT
24,Гульмира,Обмен валют,зп,Усть-Каменогорск,2025-06-12 10:08:32,atm_withdrawal,out,19133.86,KZT
24,Гульмира,Обмен валют,зп,Усть-Каменогорск,2025-06-12 16:10:43,card_out,out,16824.28,KZT
24,Гульмира,Обмен валют,зп,Усть-Каменогорск,2025-06-13 14:23:45,fx_buy,out,494850.95,KZT
24,Гульмира,Обмен валют,зп,Усть-Каменогорск,2025-06-13 15:47:05,card_out,out,10980.9,KZT
24,Гульмира,Обмен валют,зп,Усть-Каменогорск,2025-06-13 16:13:35,card_out,out,21170.72,KZT
24,Гульмира,Обмен валют,зп,Усть-Каменогорск,2025-06-14 15:05:28,p2p_out,out,47653.6,KZT
24,Гульмира,Обмен валют,зп,Усть-Каменогорск,2025-06-15 09:14:39,card_out,out,38214.21,KZT
24,Гульмира,Обмен валют,зп,Усть-Каменогорск,2025-06-15 10:04:04,card_in,in,4739.37,KZT
24,Гульмира,Обмен валют,зп,Усть-Каменогорск,2025-06-15 10:29:16,p2p_out,out,73204.24,KZT
24,Гульмира,Обмен валют,зп,Усть-Каменогорск,2025-06-16 16:35:57,card_out,out,11138.96,KZT
24,Гульмира,Обмен валют,зп,Усть-Каменогорск,2025-06-16 16:44:04,p2p_out,out,14105.92,KZT
24,Гульмира,Обмен валют,зп,Усть-Каменогорск,2025-06-17 15:13:30,fx_buy,out,174028.49,KZT
24,Гульмира,Обмен валют,зп,Усть-Каменогорск,2025-06-17 20:14:06,card_out,out,8589.16,KZT
24,Гульмира,Обмен валют,зп,Усть-Каменогорск,2025-06-18 13:27:47,p2p_out,out,19371.21,KZT
24,Гульмира,Обмен валют,зп,Усть-Каменогорск,2025-06-18 15:20:50,fx_buy,out,251551.4,KZT
24,Гульмира,Обмен валют,зп,Усть-Каменогорск,2025-06-19 12:33:07,fx_buy,out,175057.79,KZT
24,Гульмира,Обмен валют,зп,Усть-Каменогорск,2025-06-19 13:56:27,atm_withdrawal,out,46725.98,KZT
24,Гульмира,Обмен валют,зп,Усть-Каменогорск,2025-06-19 19:46:37,card_out,out,16614.17,KZT
24,Гульмира,Обмен валют,зп,Усть-Каменогорск,2025-06-19 20:22:54,p2p_out,out,14994.03,KZT
24,Гульмира,Обмен валют,зп,Усть-Каменогорск,2025-06-20 13:32:51,card_out,out,14132.46,KZT
24,Гульмира,Обмен валют,зп,Усть-Каменогорск,2025-06-20 21:16:06,card_out,out,18605.91,KZT
24,Гульмира,Обмен валют,зп,Усть-Каменогорск,2025-06-20 21:55:48,p2p_out,out,16025.45,KZT
24,Гульмира,Обмен валют,зп,Усть-Каменогорск,2025-06-21 12:56:48,p2p_out,out,17127.59,KZT
24,Гульмира,Обмен валют,зп,Усть-Каменогорск,2025-06-21 20:12:51,salary_in,in,412572.4,KZT
24,Гульмира,Обмен валют,зп,Усть-Каменогорск,2025-06-22 11:36:41,refund_in,in,15922.23,KZT
24,Гульмира,Обмен валют,зп,Усть-Каменогорск,2025-06-23 08:14:58,card_out,out,20392.23,KZT
24,Гульмира,Обмен валют,зп,Усть-Каменогорск,2025-06-23 08:26:48,fx_buy,out,160326.14,KZT
24,Гульмира,Обмен валют,зп,Усть-Каменогорск,2025-06-23 11:41:03,p2p_out,out,17909.57,KZT
24,Гульмира,Обмен валют,зп,Усть-Каменогорск,2025-06-23 12:11:23,card_out,out,79487.79,KZT
24,Гульмира,Обмен валют,зп,Усть-Каменогорск,2025-06-23 13:37:47,card_out,out,28018.56,KZT
24,Гульмира,Обмен валют,зп,Усть-Каменогорск,2025-06-23 15:55:41,card_out,out,17900.34,KZT
24,Гульмира,Обмен валют,зп,Усть-Каменогорск,2025-06-24 14:02:43,card_out,out,19889.38,KZT
24,Гульмира,Обмен валют,зп,Усть-Каменогорск,2025-06-24 14:19:55,card_out,out,18618.92,KZT
24,Гульмира,Обмен валют,зп,Усть-Каменогорск,2025-06-24 14:23:00,atm_withdrawal,out,30297.52,KZT
24,Гульмира,Обмен валют,зп,Усть-Каменогорск,2025-06-24 14:47:39,card_out,out,9846.43,KZT
24,Гульмира,Обмен валют,зп,Усть-Каменогорск,2025-06-24 20:57:56,fx_buy,out,346532.13,KZT
24,Гульмира,Обмен валют,зп,Усть-Каменогорск,2025-06-25 08:53:33,utilities_out,out,24735.16,KZT
24,Гульмира,Обмен валют,зп,Усть-Каменогорск,2025-06-25 09:32:35,fx_buy,out,152737.61,KZT
24,Гульмира,Обмен валют,зп,Усть-Каменогорск,2025-06-25 13:43:41,cashback_in,in,10980.42,KZT
24,Гульмира,Обмен валют,зп,Усть-Каменогорск,2025-06-25 15:06:24,p2p_out,out,16354.69,KZT
24,Гульмира,Обмен валют,зп,Усть-Каменогорск,2025-06-26 10:32:51,p2p_out,out,11819.29,KZT
24,Гульмира,Обмен валют,зп,Усть-Каменогорск,2025-06-26 10:46:20,card_out,out,24278.46,KZT
24,Гульмира,Обмен валют,зп,Усть-Каменогорск,2025-06-26 12:28:54,card_out,out,85585.45,KZT
24,Гульмира,Обмен валют,зп,Усть-Каменогорск,2025-06-26 19:33:56,atm_withdrawal,out,44899.56,KZT
24,Гульмира,Обмен валют,зп,Усть-Каменогорск,2025-06-26 20:06:03,p2p_out,out,17618.12,KZT
24,Гульмира,Обмен валют,зп,Усть-Каменогорск,2025-06-27 10:14:46,card_out,out,13710.53,KZT
24,Гульмира,Обмен валют,зп,Усть-Каменогорск,2025-06-27 10:27:21,atm_withdrawal,out,41031.43,KZT
24,Гульмира,Обмен валют,зп,Усть-Каменогорск,2025-06-27 12:15:23,card_in,in,13898.93,KZT
24,Гульмира,Обмен валют,зп,Усть-Каменогорск,2025-06-27 15:14:30,card_out,out,42413.71,KZT
24,Гульмира,Обмен валют,зп,Усть-Каменогорск,2025-06-27 20:26:56,fx_sell,in,194439.46,KZT
24,Гульмира,Обмен валют,зп,Усть-Каменогорск,2025-06-28 20:44:16,cashback_in,in,29696.82,KZT
24,Гульмира,Обмен валют,зп,Усть-Каменогорск,2025-06-28 21:00:34,card_out,out,11863.37,KZT
24,Гульмира,Обмен валют,зп,Усть-Каменогорск,2025-06-29 11:11:40,p2p_out,out,47241.47,KZT
24,Гульмира,Обмен валют,зп,Усть-Каменогорск,2025-06-29 14:53:58,card_out,out,33116.61,KZT
24,Гульмира,Обмен валют,зп,Усть-Каменогорск,2025-06-29 19:56:21,p2p_out,out,30656.56,KZT
24,Гульмира,Обмен валют,зп,Усть-Каменогорск,2025-06-29 20:49:59,card_out,out,11347.02,KZT
24,Гульмира,Обмен валют,зп,Усть-Каменогорск,2025-06-29 21:34:42,loan_payment_out,out,80025.62,KZT
24,Гульмира,Обмен валют,зп,Усть-Каменогорск,2025-06-30 09:44:31,card_out,out,19361.36,KZT
24,Гульмира,Обмен валют,зп,Усть-Каменогорск,2025-06-30 14:17:46,card_out,out,13274.63,KZT
24,Гульмира,Обмен валют,зп,Усть-Каменогорск,2025-07-01 17:13:48,fx_sell,in,299587.14,KZT
24,Гульмира,Обмен валют,зп,Усть-Каменогорск,2025-07-01 18:24:17,loan_payment_out,out,54524.43,KZT
24,Гульмира,Обмен валют,зп,Усть-Каменогорск,2025-07-02 10:26:35,card_out,out,9167.23,KZT
24,Гульмира,Обмен валют,зп,Усть-Каменогорск,2025-07-02 13:25:50,p2p_out,out,12410.38,KZT
24,Гульмира,Обмен валют,зп,Усть-Каменогорск,2025-07-02 19:46:21,fx_buy,out,235055.51,KZT
24,Гульмира,Обмен валют,зп,Усть-Каменогорск,2025-07-02 21:17:07,p2p_out,out,23087.27,KZT
24,Гульмира,Обмен валют,зп,Усть-Каменогорск,2025-07-03 09:51:26,card_in,in,5106.05,KZT
24,Гульмира,Обмен валют,зп,Усть-Каменогорск,2025-07-03 12:11:20,card_out,out,8800.81,KZT
24,Гульмира,Обмен валют,зп,Усть-Каменогорск,2025-07-04 11:24:59,atm_withdrawal,out,39853.76,KZT
24,Гульмира,Обмен валют,зп,Усть-Каменогорск,2025-07-04 17:48:17,loan_payment_out,out,48604.8,KZT
24,Гульмира,Обмен валют,зп,Усть-Каменогорск,2025-07-04 19:42:53,salary_in,in,368543.96,KZT
24,Гульмира,Обмен валют,зп,Усть-Каменогорск,2025-07-04 20:34:57,card_out,out,24964.73,KZT
24,Гульмира,Обмен валют,зп,Усть-Каменогорск,2025-07-05 09:28:46,p2p_out,out,14568.71,KZT
24,Гульмира,Обмен валют,зп,Усть-Каменогорск,2025-07-05 11:30:09,card_in,in,9635.1,KZT
24,Гульмира,Обмен валют,зп,Усть-Каменогорск,2025-07-05 21:53:01,card_out,out,11049.35,KZT
24,Гульмира,Обмен валют,зп,Усть-Каменогорск,2025-07-06 08:22:42,card_out,out,44927.3,KZT
24,Гульмира,Обмен валют,зп,Усть-Каменогорск,2025-07-06 11:57:36,fx_sell,in,226020.98,KZT
24,Гульмира,Обмен валют,зп,Усть-Каменогорск,2025-07-06 11:58:49,card_out,out,14501.29,KZT
24,Гульмира,Обмен валют,зп,Усть-Каменогорск,2025-07-06 13:45:09,fx_buy,out,223058.1,KZT
24,Гульмира,Обмен валют,зп,Усть-Каменогорск,2025-07-06 18:44:41,card_out,out,25527.5,KZT
24,Гульмира,Обмен валют,зп,Усть-Каменогорск,2025-07-07 13:37:30,p2p_out,out,30329.92,KZT
24,Гульмира,Обмен валют,зп,Усть-Каменогорск,2025-07-07 14:15:06,atm_withdrawal,out,44158.67,KZT
24,Гульмира,Обмен валют,зп,Усть-Каменогорск,2025-07-08 08:58:10,fx_buy,out,174787.82,KZT
24,Гульмира,Обмен валют,зп,Усть-Каменогорск,2025-07-08 14:23:18,atm_withdrawal,out,23342.85,KZT
24,Гульмира,Обмен валют,зп,Усть-Каменогорск,2025-07-08 21:22:07,card_out,out,17170.73,KZT
24,Гульмира,Обмен валют,зп,Усть-Каменогорск,2025-07-09 09:39:28,card_out,out,14039.64,KZT
24,Гульмира,Обмен валют,зп,Усть-Каменогорск,2025-07-09 15:23:05,card_out,out,14806.02,KZT
24,Гульмира,Обмен валют,зп,Усть-Каменогорск,2025-07-09 15:29:46,atm_withdrawal,out,36444.75,KZT
24,Гульмира,Обмен валют,зп,Усть-Каменогорск,2025-07-09 17:51:44,card_out,out,14241.19,KZT
24,Гульмира,Обмен валют,зп,Усть-Каменогорск,2025-07-10 08:21:19,refund_in,in,12848.38,KZT
24,Гульмира,Обмен валют,зп,Усть-Каменогорск,2025-07-10 11:03:46,p2p_out,out,12209.79,KZT
24,Гульмира,Обмен валют,зп,Усть-Каменогорск,2025-07-10 11:30:32,card_out,out,11910.11,KZT
24,Гульмира,Обмен валют,зп,Усть-Каменогорск,2025-07-11 09:50:45,p2p_out,out,37237.62,KZT
24,Гульмира,Обмен валют,зп,Усть-Каменогорск,2025-07-11 10:00:40,card_out,out,14872.92,KZT
24,Гульмира,Обмен валют,зп,Усть-Каменогорск,2025-07-11 11:40:30,card_out,out,9427.41,KZT
24,Гульмира,Обмен валют,зп,Усть-Каменогорск,2025-07-11 17:11:26,card_out,out,15592.08,KZT
24,Гульмира,Обмен валют,зп,Усть-Каменогорск,2025-07-11 21:03:01,utilities_out,out,23084.74,KZT
24,Гульмира,Обмен валют,зп,Усть-Каменогорск,2025-07-11 21:18:38,p2p_out,out,15368.42,KZT
24,Гульмира,Обмен валют,зп,Усть-Каменогорск,2025-07-12 08:39:13,card_out,out,32590.36,KZT
24,Гульмира,Обмен валют,зп,Усть-Каменогорск,2025-07-12 15:34:28,utilities_out,out,29599.47,KZT
24,Гульмира,Обмен валют,зп,Усть-Каменогорск,2025-07-13 10:31:30,utilities_out,out,25771.24,KZT
24,Гульмира,Обмен валют,зп,Усть-Каменогорск,2025-07-13 13:41:27,card_out,out,16791.85,KZT
24,Гульмира,Обмен валют,зп,Усть-Каменогорск,2025-07-13 15:22:05,fx_buy,out,50362.53,KZT
24,Гульмира,Обмен валют,зп,Усть-Каменогорск,2025-07-14 17:25:57,fx_buy,out,283495.94,KZT
24,Гульмира,Обмен валют,зп,Усть-Каменогорск,2025-07-15 09:02:01,p2p_out,out,20649.92,KZT
24,Гульмира,Обмен валют,зп,Усть-Каменогорск,2025-07-15 11:19:47,card_out,out,15514.81,KZT
24,Гульмира,Обмен валют,зп,Усть-Каменогорск,2025-07-15 18:26:15,refund_in,in,13128.78,KZT
24,Гульмира,Обмен валют,зп,Усть-Каменогорск,2025-07-15 19:43:58,fx_buy,out,122382.92,KZT
24,Гульмира,Обмен валют,зп,Усть-Каменогорск,2025-07-15 20:13:55,p2p_out,out,34829.39,KZT
24,Гульмира,Обмен валют,зп,Усть-Каменогорск,2025-07-16 12:05:59,atm_withdrawal,out,53500.04,KZT
24,Гульмира,Обмен валют,зп,Усть-Каменогорск,2025-07-16 14:31:48,card_in,in,5335.85,KZT
24,Гульмира,Обмен валют,зп,Усть-Каменогорск,2025-07-16 16:25:28,atm_withdrawal,out,91788.06,KZT
24,Гульмира,Обмен валют,зп,Усть-Каменогорск,2025-07-16 19:04:24,card_out,out,14323.83,KZT
24,Гульмира,Обмен валют,зп,Усть-Каменогорск,2025-07-16 20:33:49,card_out,out,18041.34,KZT
24,Гульмира,Обмен валют,зп,Усть-Каменогорск,2025-07-16 21:22:02,utilities_out,out,32866.49,KZT
24,Гульмира,Обмен валют,зп,Усть-Каменогорск,2025-07-17 10:37:03,loan_payment_out,out,30740.62,KZT
24,Гульмира,Обмен валют,зп,Усть-Каменогорск,2025-07-17 13:37:51,fx_buy,out,165366.68,KZT
24,Гульмира,Обмен валют,зп,Усть-Каменогорск,2025-07-17 14:59:08,card_out,out,13686.34,KZT
24,Гульмира,Обмен валют,зп,Усть-Каменогорск,2025-07-17 17:48:27,p2p_out,out,26126.84,KZT
24,Гульмира,Обмен валют,зп,Усть-Каменогорск,2025-07-18 14:39:16,card_out,out,20898.39,KZT
24,Гульмира,Обмен валют,зп,Усть-Каменогорск,2025-07-18 21:10:46,p2p_out,out,19377.78,KZT
24,Гульмира,Обмен валют,зп,Усть-Каменогорск,2025-07-19 13:19:36,p2p_out,out,32507.58,KZT
24,Гульмира,Обмен валют,зп,Усть-Каменогорск,2025-07-19 14:17:11,cashback_in,in,9588.14,KZT
24,Гульмира,Обмен валют,зп,Усть-Каменогорск,2025-07-19 15:08:56,fx_buy,out,150453.07,KZT
24,Гульмира,Обмен валют,зп,Усть-Каменогорск,2025-07-19 16:41:41,p2p_out,out,6289.09,KZT
24,Гульмира,Обмен валют,зп,Усть-Каменогорск,2025-07-19 20:50:18,card_out,out,7853.9,KZT
24,Гульмира,Обмен валют,зп,Усть-Каменогорск,2025-07-20 08:34:37,card_out,out,15571.95,KZT
24,Гульмира,Обмен валют,зп,Усть-Каменогорск,2025-07-20 14:25:00,card_out,out,47452.42,KZT
24,Гульмира,Обмен валют,зп,Усть-Каменогорск,2025-07-20 17:31:59,p2p_out,out,20089.72,KZT
24,Гульмира,Обмен валют,зп,Усть-Каменогорск,2025-07-21 15:09:28,utilities_out,out,31466.26,KZT
24,Гульмира,Обмен валют,зп,Усть-Каменогорск,2025-07-21 17:57:48,fx_buy,out,141854.89,KZT
24,Гульмира,Обмен валют,зп,Усть-Каменогорск,2025-07-21 20:17:39,fx_buy,out,182855.23,KZT
24,Гульмира,Обмен валют,зп,Усть-Каменогорск,2025-07-22 11:40:52,p2p_out,out,37788.85,KZT
24,Гульмира,Обмен валют,зп,Усть-Каменогорск,2025-07-22 16:27:50,fx_buy,out,100751.13,KZT
24,Гульмира,Обмен валют,зп,Усть-Каменогорск,2025-07-22 20:09:06,card_out,out,22490.9,KZT
24,Гульмира,Обмен валют,зп,Усть-Каменогорск,2025-07-23 12:08:14,p2p_out,out,11918.79,KZT
24,Гульмира,Обмен валют,зп,Усть-Каменогорск,2025-07-23 17:05:14,card_out,out,23780.4,KZT
24,Гульмира,Обмен валют,зп,Усть-Каменогорск,2025-07-23 20:00:21,card_out,out,7184.04,KZT
24,Гульмира,Обмен валют,зп,Усть-Каменогорск,2025-07-23 20:04:24,p2p_out,out,21683.41,KZT
24,Гульмира,Обмен валют,зп,Усть-Каменогорск,2025-07-24 09:30:38,card_out,out,23485.82,KZT
24,Гульмира,Обмен валют,зп,Усть-Каменогорск,2025-07-24 10:02:13,fx_buy,out,162217.19,KZT
24,Гульмира,Обмен валют,зп,Усть-Каменогорск,2025-07-25 09:31:58,card_out,out,32202.21,KZT
24,Гульмира,Обмен валют,зп,Усть-Каменогорск,2025-07-25 16:02:07,card_out,out,40748.41,KZT
24,Гульмира,Обмен валют,зп,Усть-Каменогорск,2025-07-25 17:27:47,card_in,in,11547.07,KZT
24,Гульмира,Обмен валют,зп,Усть-Каменогорск,2025-07-25 21:38:59,card_out,out,27302.67,KZT
24,Гульмира,Обмен валют,зп,Усть-Каменогорск,2025-07-26 16:36:58,p2p_out,out,17025.93,KZT
24,Гульмира,Обмен валют,зп,Усть-Каменогорск,2025-07-26 17:53:12,card_out,out,15494.7,KZT
24,Гульмира,Обмен валют,зп,Усть-Каменогорск,2025-07-26 21:15:38,card_out,out,30524.99,KZT
24,Гульмира,Обмен валют,зп,Усть-Каменогорск,2025-07-27 08:52:24,card_out,out,12895.11,KZT
24,Гульмира,Обмен валют,зп,Усть-Каменогорск,2025-07-27 12:39:41,card_out,out,6786.09,KZT
24,Гульмира,Обмен валют,зп,Усть-Каменогорск,2025-07-27 20:03:07,p2p_out,out,64577.54,KZT
24,Гульмира,Обмен валют,зп,Усть-Каменогорск,2025-07-28 11:16:05,fx_sell,in,122600.23,KZT
24,Гульмира,Обмен валют,зп,Усть-Каменогорск,2025-07-28 14:17:20,card_out,out,26428.41,KZT
24,Гульмира,Обмен валют,зп,Усть-Каменогорск,2025-07-28 14:41:59,card_out,out,5456.95,KZT
24,Гульмира,Обмен валют,зп,Усть-Каменогорск,2025-07-28 17:05:58,cashback_in,in,16730.01,KZT
24,Гульмира,Обмен валют,зп,Усть-Каменогорск,2025-07-29 14:02:54,cashback_in,in,3911.58,KZT
24,Гульмира,Обмен валют,зп,Усть-Каменогорск,2025-07-30 14:29:50,card_out,out,23573.9,KZT
24,Гульмира,Обмен валют,зп,Усть-Каменогорск,2025-07-30 15:57:56,p2p_out,out,17992.87,KZT
24,Гульмира,Обмен валют,зп,Усть-Каменогорск,2025-07-30 16:39:57,card_in,in,3659.29,KZT
24,Гульмира,Обмен валют,зп,Усть-Каменогорск,2025-07-31 14:36:07,card_out,out,6689.65,KZT
24,Гульмира,Обмен валют,зп,Усть-Каменогорск,2025-08-01 08:57:18,p2p_out,out,9619.26,KZT
24,Гульмира,Обмен валют,зп,Усть-Каменогорск,2025-08-01 11:38:26,card_out,out,13079.9,KZT
24,Гульмира,Обмен валют,зп,Усть-Каменогорск,2025-08-01 14:37:49,p2p_out,out,19018.65,KZT
24,Гульмира,Обмен валют,зп,Усть-Каменогорск,2025-08-01 15:23:21,card_out,out,9373.73,KZT
24,Гульмира,Обмен валют,зп,Усть-Каменогорск,2025-08-01 19:19:45,cashback_in,in,9147.95,KZT
24,Гульмира,Обмен валют,зп,Усть-Каменогорск,2025-08-01 20:12:40,fx_buy,out,256849.56,KZT
24,Гульмира,Обмен валют,зп,Усть-Каменогорск,2025-08-01 20:58:25,utilities_out,out,43094.8,KZT
24,Гульмира,Обмен валют,зп,Усть-Каменогорск,2025-08-02 08:45:01,card_out,out,17482.02,KZT
24,Гульмира,Обмен валют,зп,Усть-Каменогорск,2025-08-02 10:40:57,card_out,out,24154.8,KZT
24,Гульмира,Обмен валют,зп,Усть-Каменогорск,2025-08-02 18:57:46,p2p_out,out,9107.21,KZT
24,Гульмира,Обмен валют,зп,Усть-Каменогорск,2025-08-03 08:29:12,fx_buy,out,151521.26,KZT
24,Гульмира,Обмен валют,зп,Усть-Каменогорск,2025-08-03 11:43:12,card_in,in,17651.91,KZT
24,Гульмира,Обмен валют,зп,Усть-Каменогорск,2025-08-03 15:10:10,card_out,out,8714.78,KZT
24,Гульмира,Обмен валют,зп,Усть-Каменогорск,2025-08-04 10:00:44,fx_buy,out,351848.4,KZT
24,Гульмира,Обмен валют,зп,Усть-Каменогорск,2025-08-04 15:02:08,p2p_out,out,11036.55,KZT
24,Гульмира,Обмен валют,зп,Усть-Каменогорск,2025-08-04 18:58:25,card_out,out,11889.08,KZT
24,Гульмира,Обмен валют,зп,Усть-Каменогорск,2025-08-04 20:01:48,card_out,out,17482.34,KZT
24,Гульмира,Обмен валют,зп,Усть-Каменогорск,2025-08-05 09:11:22,card_out,out,27817.11,KZT
24,Гульмира,Обмен валют,зп,Усть-Каменогорск,2025-08-05 11:43:14,card_out,out,15917.97,KZT
24,Гульмира,Обмен валют,зп,Усть-Каменогорск,2025-08-05 15:34:00,card_out,out,13206.22,KZT
24,Гульмира,Обмен валют,зп,Усть-Каменогорск,2025-08-05 15:49:16,p2p_out,out,18779.69,KZT
24,Гульмира,Обмен валют,зп,Усть-Каменогорск,2025-08-05 17:25:29,card_out,out,25625.33,KZT
24,Гульмира,Обмен валют,зп,Усть-Каменогорск,2025-08-05 18:12:48,card_out,out,16753.88,KZT
24,Гульмира,Обмен валют,зп,Усть-Каменогорск,2025-08-05 20:17:30,card_in,in,24150.86,KZT
24,Гульмира,Обмен валют,зп,Усть-Каменогорск,2025-08-06 10:37:17,p2p_out,out,15021.57,KZT
24,Гульмира,Обмен валют,зп,Усть-Каменогорск,2025-08-06 13:09:34,p2p_out,out,17877.52,KZT
24,Гульмира,Обмен валют,зп,Усть-Каменогорск,2025-08-07 09:51:23,card_out,out,41970.09,KZT
24,Гульмира,Обмен валют,зп,Усть-Каменогорск,2025-08-07 10:20:09,p2p_out,out,64016.51,KZT
24,Гульмира,Обмен валют,зп,Усть-Каменогорск,2025-08-07 11:12:18,card_out,out,11875.01,KZT
24,Гульмира,Обмен валют,зп,Усть-Каменогорск,2025-08-07 12:11:13,fx_buy,out,455132.09,KZT
24,Гульмира,Обмен валют,зп,Усть-Каменогорск,2025-08-07 16:08:58,cashback_in,in,26557.91,KZT
24,Гульмира,Обмен валют,зп,Усть-Каменогорск,2025-08-07 16:24:35,p2p_out,out,30867.41,KZT
24,Гульмира,Обмен валют,зп,Усть-Каменогорск,2025-08-08 08:39:16,salary_in,in,437677.19,KZT
24,Гульмира,Обмен валют,зп,Усть-Каменогорск,2025-08-08 10:13:09,card_out,out,22786.81,KZT
24,Гульмира,Обмен валют,зп,Усть-Каменогорск,2025-08-09 13:00:34,card_out,out,9552.07,KZT
24,Гульмира,Обмен валют,зп,Усть-Каменогорск,2025-08-10 19:20:29,p2p_out,out,4716.38,KZT
24,Гульмира,Обмен валют,зп,Усть-Каменогорск,2025-08-11 10:36:29,p2p_out,out,13839.62,KZT
24,Гульмира,Обмен валют,зп,Усть-Каменогорск,2025-08-11 11:44:11,card_out,out,17509.07,KZT
24,Гульмира,Обмен валют,зп,Усть-Каменогорск,2025-08-11 13:12:01,card_out,out,8865.36,KZT
24,Гульмира,Обмен валют,зп,Усть-Каменогорск,2025-08-11 17:18:50,p2p_out,out,21085.43,KZT
24,Гульмира,Обмен валют,зп,Усть-Каменогорск,2025-08-12 08:15:41,card_out,out,9601.06,KZT
24,Гульмира,Обмен валют,зп,Усть-Каменогорск,2025-08-12 19:53:01,p2p_out,out,5609.63,KZT
24,Гульмира,Обмен валют,зп,Усть-Каменогорск,2025-08-13 08:41:54,card_in,in,10664.74,KZT
24,Гульмира,Обмен валют,зп,Усть-Каменогорск,2025-08-13 16:55:33,refund_in,in,6528.17,KZT
24,Гульмира,Обмен валют,зп,Усть-Каменогорск,2025-08-13 18:17:10,atm_withdrawal,out,47925.16,KZT
24,Гульмира,Обмен валют,зп,Усть-Каменогорск,2025-08-14 18:10:22,card_out,out,6449.58,KZT
24,Гульмира,Обмен валют,зп,Усть-Каменогорск,2025-08-15 08:17:56,atm_withdrawal,out,41335.39,KZT
24,Гульмира,Обмен валют,зп,Усть-Каменогорск,2025-08-15 11:54:11,fx_buy,out,111861.48,KZT
24,Гульмира,Обмен валют,зп,Усть-Каменогорск,2025-08-15 14:00:35,card_in,in,9178.99,KZT
24,Гульмира,Обмен валют,зп,Усть-Каменогорск,2025-08-16 12:22:06,atm_withdrawal,out,39591.65,KZT
24,Гульмира,Обмен валют,зп,Усть-Каменогорск,2025-08-16 19:47:30,p2p_out,out,29428.19,KZT
24,Гульмира,Обмен валют,зп,Усть-Каменогорск,2025-08-17 08:00:53,p2p_out,out,15540.84,KZT
24,Гульмира,Обмен валют,зп,Усть-Каменогорск,2025-08-17 13:58:04,card_out,out,20707.13,KZT
24,Гульмира,Обмен валют,зп,Усть-Каменогорск,2025-08-17 17:38:09,card_out,out,19608.87,KZT
24,Гульмира,Обмен валют,зп,Усть-Каменогорск,2025-08-17 21:59:07,card_out,out,35230.16,KZT
24,Гульмира,Обмен валют,зп,Усть-Каменогорск,2025-08-18 08:33:03,fx_buy,out,72387.85,KZT
24,Гульмира,Обмен валют,зп,Усть-Каменогорск,2025-08-18 10:16:28,utilities_out,out,27854.02,KZT
24,Гульмира,Обмен валют,зп,Усть-Каменогорск,2025-08-18 21:25:40,atm_withdrawal,out,50927.67,KZT
24,Гульмира,Обмен валют,зп,Усть-Каменогорск,2025-08-18 21:37:47,card_out,out,22050.55,KZT
24,Гульмира,Обмен валют,зп,Усть-Каменогорск,2025-08-19 13:12:12,fx_buy,out,585514.82,KZT
24,Гульмира,Обмен валют,зп,Усть-Каменогорск,2025-08-19 14:52:54,card_out,out,22957.3,KZT
24,Гульмира,Обмен валют,зп,Усть-Каменогорск,2025-08-19 15:36:52,card_out,out,5975.99,KZT
24,Гульмира,Обмен валют,зп,Усть-Каменогорск,2025-08-19 18:24:39,card_out,out,7844.5,KZT
24,Гульмира,Обмен валют,зп,Усть-Каменогорск,2025-08-19 18:34:06,atm_withdrawal,out,62179.0,KZT
24,Гульмира,Обмен валют,зп,Усть-Каменогорск,2025-08-19 19:43:33,card_out,out,14609.78,KZT
24,Гульмира,Обмен валют,зп,Усть-Каменогорск,2025-08-20 09:46:37,card_out,out,38774.81,KZT
24,Гульмира,Обмен валют,зп,Усть-Каменогорск,2025-08-20 10:34:51,atm_withdrawal,out,38757.92,KZT
24,Гульмира,Обмен валют,зп,Усть-Каменогорск,2025-08-21 09:10:40,utilities_out,out,36441.43,KZT
24,Гульмира,Обмен валют,зп,Усть-Каменогорск,2025-08-21 10:36:40,fx_buy,out,330263.26,KZT
24,Гульмира,Обмен валют,зп,Усть-Каменогорск,2025-08-21 10:50:00,cashback_in,in,10808.16,KZT
24,Гульмира,Обмен валют,зп,Усть-Каменогорск,2025-08-21 12:30:11,p2p_out,out,29070.08,KZT
24,Гульмира,Обмен валют,зп,Усть-Каменогорск,2025-08-22 09:30:03,card_out,out,9935.42,KZT
24,Гульмира,Обмен валют,зп,Усть-Каменогорск,2025-08-22 18:59:05,loan_payment_out,out,63830.28,KZT
24,Гульмира,Обмен валют,зп,Усть-Каменогорск,2025-08-22 21:22:19,fx_buy,out,226113.68,KZT
24,Гульмира,Обмен валют,зп,Усть-Каменогорск,2025-08-23 09:53:41,fx_buy,out,113984.15,KZT
24,Гульмира,Обмен валют,зп,Усть-Каменогорск,2025-08-23 15:16:21,card_out,out,22282.28,KZT
24,Гульмира,Обмен валют,зп,Усть-Каменогорск,2025-08-23 15:58:14,fx_buy,out,184436.19,KZT
24,Гульмира,Обмен валют,зп,Усть-Каменогорск,2025-08-24 10:22:48,card_in,in,59930.46,KZT
24,Гульмира,Обмен валют,зп,Усть-Каменогорск,2025-08-24 17:54:01,card_out,out,8838.76,KZT
24,Гульмира,Обмен валют,зп,Усть-Каменогорск,2025-08-25 09:12:16,p2p_out,out,50539.77,KZT
24,Гульмира,Обмен валют,зп,Усть-Каменогорск,2025-08-26 11:36:37,card_out,out,15650.48,KZT
24,Гульмира,Обмен валют,зп,Усть-Каменогорск,2025-08-26 12:46:14,card_out,out,34070.18,KZT
24,Гульмира,Обмен валют,зп,Усть-Каменогорск,2025-08-26 21:30:30,p2p_out,out,25852.13,KZT
24,Гульмира,Обмен валют,зп,Усть-Каменогорск,2025-08-27 19:41:08,loan_payment_out,out,67180.24,KZT
24,Гульмира,Обмен валют,зп,Усть-Каменогорск,2025-08-28 08:47:46,card_out,out,13182.81,KZT
24,Гульмира,Обмен валют,зп,Усть-Каменогорск,2025-08-28 14:02:02,p2p_out,out,15458.24,KZT
24,Гульмира,Обмен валют,зп,Усть-Каменогорск,2025-08-28 15:46:59,fx_sell,in,173070.86,KZT
24,Гульмира,Обмен валют,зп,Усть-Каменогорск,2025-08-29 11:52:35,fx_sell,in,137957.01,KZT
24,Гульмира,Обмен валют,зп,Усть-Каменогорск,2025-08-29 14:51:02,utilities_out,out,33454.14,KZT
24,Гульмира,Обмен валют,зп,Усть-Каменогорск,2025-08-29 15:02:09,loan_payment_out,out,60891.71,KZT
24,Гульмира,Обмен валют,зп,Усть-Каменогорск,2025-08-29 17:38:18,p2p_out,out,9168.16,KZT
24,Гульмира,Обмен валют,зп,Усть-Каменогорск,2025-08-29 19:47:56,refund_in,in,9903.96,KZT
24,Гульмира,Обмен валют,зп,Усть-Каменогорск,2025-08-30 09:33:03,fx_buy,out,206972.81,KZT
24,Гульмира,Обмен валют,зп,Усть-Каменогорск,2025-08-30 09:36:42,card_out,out,41693.55,KZT
24,Гульмира,Обмен валют,зп,Усть-Каменогорск,2025-08-30 20:26:55,card_out,out,10737.48,KZT
24,Гульмира,Обмен валют,зп,Усть-Каменогорск,2025-08-31 10:16:22,card_out,out,50179.93,KZT
24,Гульмира,Обмен валют,зп,Усть-Каменогорск,2025-08-31 14:16:26,card_out,out,11188.35,KZT
24,Гульмира,Обмен валют,зп,Усть-Каменогорск,2025-08-31 17:19:23,card_out,out,12395.33,KZT
24,Гульмира,Обмен валют,зп,Усть-Каменогорск,2025-08-31 18:47:24,fx_sell,in,189381.23,KZT
24,Гульмира,Обмен валют,зп,Усть-Каменогорск,2025-08-31 21:17:41,utilities_out,out,20244.14,KZT
