﻿client_code,name,product,status,city,date,category,amount,currency
28,Алтынай,Кредит наличными,обычный,Кызылорда,2025-06-01 09:15:04,Такси,7455.12,KZT
28,Алтынай,Кредит наличными,обычный,Кызылорда,2025-06-01 11:40:34,Кино,7425.66,KZT
28,Алтынай,Кредит наличными,обычный,Кызылорда,2025-06-01 14:20:06,Смотрим дома,8345.2,KZT
28,Алтынай,Кредит наличными,обычный,Кызылорда,2025-06-01 15:40:27,Такси,4519.14,KZT
28,Алтынай,Кредит наличными,обычный,Кызылорда,2025-06-01 19:00:24,Кафе и рестораны,6209.11,KZT
28,Алтынай,Кредит наличными,обычный,Кызылорда,2025-06-01 19:10:17,Играем дома,3343.0,KZT
28,Алтынай,Кредит наличными,обычный,Кызылорда,2025-06-01 20:30:56,Кино,5393.42,KZT
28,Алтынай,Кредит наличными,обычный,Кызылорда,2025-06-01 20:40:05,Играем дома,4665.31,KZT
28,Алтынай,Кредит наличными,обычный,Кызылорда,2025-06-03 11:40:49,Такси,4737.79,KZT
28,Алтынай,Кредит наличными,обычный,Кызылорда,2025-06-03 12:10:17,Продукты питания,10731.9,KZT
28,Алтынай,Кредит наличными,обычный,Кызылорда,2025-06-03 19:00:43,Кафе и рестораны,5571.65,KZT
28,Алтынай,Кредит наличными,обычный,Кызылорда,2025-06-04 09:15:22,Такси,3954.01,KZT
28,Алтынай,Кредит наличными,обычный,Кызылорда,2025-06-04 10:30:43,Едим дома,6680.54,KZT
28,Алтынай,Кредит наличными,обычный,Кызылорда,2025-06-04 21:20:04,Кафе и рестораны,4297.1,KZT
28,Алтынай,Кредит наличными,обычный,Кызылорда,2025-06-05 08:10:08,Такси,4770.93,KZT
28,Алтынай,Кредит наличными,обычный,Кызылорда,2025-06-05 13:40:14,Играем дома,4989.51,KZT
28,Алтынай,Кредит наличными,обычный,Кызылорда,2025-06-05 15:20:22,Кино,6850.04,KZT
28,Алтынай,Кредит наличными,обычный,Кызылорда,2025-06-05 19:00:05,Кафе и рестораны,12802.79,KZT
28,Алтынай,Кредит наличными,обычный,Кызылорда,2025-06-07 12:10:57,Продукты питания,14425.6,KZT
28,Алтынай,Кредит наличными,обычный,Кызылорда,2025-06-07 14:50:04,Кафе и рестораны,5105.17,KZT
28,Алтынай,Кредит наличными,обычный,Кызылорда,2025-06-07 15:10:18,Кафе и рестораны,6658.83,KZT
28,Алтынай,Кредит наличными,обычный,Кызылорда,2025-06-07 19:00:07,Кафе и рестораны,17793.03,KZT
28,Алтынай,Кредит наличными,обычный,Кызылорда,2025-06-07 19:20:44,Едим дома,4594.87,KZT
28,Алтынай,Кредит наличными,обычный,Кызылорда,2025-06-08 08:50:08,Играем дома,2999.18,KZT
28,Алтынай,Кредит наличными,обычный,Кызылорда,2025-06-08 09:40:03,Едим дома,5323.18,KZT
28,Алтынай,Кредит наличными,обычный,Кызылорда,2025-06-08 12:10:46,Продукты питания,20055.28,KZT
28,Алтынай,Кредит наличными,обычный,Кызылорда,2025-06-08 18:20:16,Кино,5434.93,KZT
28,Алтынай,Кредит наличными,обычный,Кызылорда,2025-06-08 20:50:50,Кино,3682.19,KZT
28,Алтынай,Кредит наличными,обычный,Кызылорда,2025-06-09 12:10:33,Продукты питания,22060.78,KZT
28,Алтынай,Кредит наличными,обычный,Кызылорда,2025-06-09 13:50:33,Кино,3623.75,KZT
28,Алтынай,Кредит наличными,обычный,Кызылорда,2025-06-09 18:40:29,Кафе и рестораны,3479.73,KZT
28,Алтынай,Кредит наличными,обычный,Кызылорда,2025-06-10 10:10:38,Смотрим дома,3837.74,KZT
28,Алтынай,Кредит наличными,обычный,Кызылорда,2025-06-10 12:00:06,Кафе и рестораны,3838.16,KZT
28,Алтынай,Кредит наличными,обычный,Кызылорда,2025-06-10 12:20:13,Кино,5116.51,KZT
28,Алтынай,Кредит наличными,обычный,Кызылорда,2025-06-10 16:30:32,Кино,4074.08,KZT
28,Алтынай,Кредит наличными,обычный,Кызылорда,2025-06-10 18:30:02,АЗС,20754.37,KZT
28,Алтынай,Кредит наличными,обычный,Кызылорда,2025-06-11 09:30:31,Кафе и рестораны,4461.77,KZT
28,Алтынай,Кредит наличными,обычный,Кызылорда,2025-06-11 10:00:02,Кафе и рестораны,7325.39,KZT
28,Алтынай,Кредит наличными,обычный,Кызылорда,2025-06-11 10:10:12,Смотрим дома,3916.78,KZT
28,Алтынай,Кредит наличными,обычный,Кызылорда,2025-06-11 11:40:49,Такси,4595.93,KZT
28,Алтынай,Кредит наличными,обычный,Кызылорда,2025-06-11 12:10:29,Продукты питания,8981.37,KZT
28,Алтынай,Кредит наличными,обычный,Кызылорда,2025-06-11 12:30:34,Играем дома,4083.48,KZT
28,Алтынай,Кредит наличными,обычный,Кызылорда,2025-06-11 12:30:51,Кафе и рестораны,3671.48,KZT
28,Алтынай,Кредит наличными,обычный,Кызылорда,2025-06-11 18:30:56,АЗС,18541.12,KZT
28,Алтынай,Кредит наличными,обычный,Кызылорда,2025-06-11 19:10:46,Смотрим дома,4580.47,KZT
28,Алтынай,Кредит наличными,обычный,Кызылорда,2025-06-12 09:15:08,Такси,2395.99,KZT
28,Алтынай,Кредит наличными,обычный,Кызылорда,2025-06-12 10:10:14,Кино,3984.85,KZT
28,Алтынай,Кредит наличными,обычный,Кызылорда,2025-06-12 10:50:29,Играем дома,4971.43,KZT
28,Алтынай,Кредит наличными,обычный,Кызылорда,2025-06-12 12:10:45,Продукты питания,18504.17,KZT
28,Алтынай,Кредит наличными,обычный,Кызылорда,2025-06-12 14:40:02,Кино,7153.18,KZT
28,Алтынай,Кредит наличными,обычный,Кызылорда,2025-06-12 21:20:56,Кино,4889.05,KZT
28,Алтынай,Кредит наличными,обычный,Кызылорда,2025-06-13 11:00:37,Кафе и рестораны,6511.86,KZT
28,Алтынай,Кредит наличными,обычный,Кызылорда,2025-06-13 12:10:25,Продукты питания,8088.28,KZT
28,Алтынай,Кредит наличными,обычный,Кызылорда,2025-06-13 18:40:41,Кино,4051.77,KZT
28,Алтынай,Кредит наличными,обычный,Кызылорда,2025-06-13 21:00:03,Едим дома,7452.05,KZT
28,Алтынай,Кредит наличными,обычный,Кызылорда,2025-06-14 12:10:24,Продукты питания,5879.27,KZT
28,Алтынай,Кредит наличными,обычный,Кызылорда,2025-06-14 14:30:48,Едим дома,6957.13,KZT
28,Алтынай,Кредит наличными,обычный,Кызылорда,2025-06-14 16:00:47,Кафе и рестораны,5050.36,KZT
28,Алтынай,Кредит наличными,обычный,Кызылорда,2025-06-14 16:10:30,Кафе и рестораны,3700.22,KZT
28,Алтынай,Кредит наличными,обычный,Кызылорда,2025-06-16 19:00:08,Кафе и рестораны,4011.7,KZT
28,Алтынай,Кредит наличными,обычный,Кызылорда,2025-06-19 13:30:54,Смотрим дома,4268.54,KZT
28,Алтынай,Кредит наличными,обычный,Кызылорда,2025-06-19 16:50:26,Играем дома,6841.88,KZT
28,Алтынай,Кредит наличными,обычный,Кызылорда,2025-06-19 19:00:34,Кафе и рестораны,5865.44,KZT
28,Алтынай,Кредит наличными,обычный,Кызылорда,2025-06-19 20:20:52,Такси,4974.61,KZT
28,Алтынай,Кредит наличными,обычный,Кызылорда,2025-06-19 21:10:27,Такси,7457.85,KZT
28,Алтынай,Кредит наличными,обычный,Кызылорда,2025-06-19 21:30:20,Такси,5111.37,KZT
28,Алтынай,Кредит наличными,обычный,Кызылорда,2025-06-20 09:15:40,Такси,8437.03,KZT
28,Алтынай,Кредит наличными,обычный,Кызылорда,2025-06-20 12:10:21,Продукты питания,11443.65,KZT
28,Алтынай,Кредит наличными,обычный,Кызылорда,2025-06-20 16:50:38,Едим дома,6997.02,KZT
28,Алтынай,Кредит наличными,обычный,Кызылорда,2025-06-20 18:40:08,Едим дома,5677.18,KZT
28,Алтынай,Кредит наличными,обычный,Кызылорда,2025-06-20 19:00:31,Такси,3108.8,KZT
28,Алтынай,Кредит наличными,обычный,Кызылорда,2025-06-24 09:10:50,Такси,6556.52,KZT
28,Алтынай,Кредит наличными,обычный,Кызылорда,2025-06-24 09:15:21,Такси,3759.49,KZT
28,Алтынай,Кредит наличными,обычный,Кызылорда,2025-06-24 10:20:56,Едим дома,5871.76,KZT
28,Алтынай,Кредит наличными,обычный,Кызылорда,2025-06-24 10:40:29,Кино,3752.48,KZT
28,Алтынай,Кредит наличными,обычный,Кызылорда,2025-06-24 12:10:04,Продукты питания,7579.36,KZT
28,Алтынай,Кредит наличными,обычный,Кызылорда,2025-06-24 19:00:13,Кафе и рестораны,21881.35,KZT
28,Алтынай,Кредит наличными,обычный,Кызылорда,2025-06-25 08:40:56,Играем дома,8985.44,KZT
28,Алтынай,Кредит наличными,обычный,Кызылорда,2025-06-25 12:10:50,Продукты питания,13414.99,KZT
28,Алтынай,Кредит наличными,обычный,Кызылорда,2025-06-25 15:30:25,Кафе и рестораны,4405.99,KZT
28,Алтынай,Кредит наличными,обычный,Кызылорда,2025-06-26 08:00:58,Едим дома,4153.92,KZT
28,Алтынай,Кредит наличными,обычный,Кызылорда,2025-06-26 11:30:14,Кафе и рестораны,6298.15,KZT
28,Алтынай,Кредит наличными,обычный,Кызылорда,2025-06-26 12:10:12,Продукты питания,5037.11,KZT
28,Алтынай,Кредит наличными,обычный,Кызылорда,2025-06-26 18:00:08,Смотрим дома,5481.0,KZT
28,Алтынай,Кредит наличными,обычный,Кызылорда,2025-06-26 18:30:45,АЗС,16785.34,KZT
28,Алтынай,Кредит наличными,обычный,Кызылорда,2025-06-27 12:10:26,Продукты питания,8318.31,KZT
28,Алтынай,Кредит наличными,обычный,Кызылорда,2025-06-27 14:50:51,Играем дома,5694.62,KZT
28,Алтынай,Кредит наличными,обычный,Кызылорда,2025-06-27 17:10:14,Едим дома,2741.45,KZT
28,Алтынай,Кредит наличными,обычный,Кызылорда,2025-06-28 08:10:16,Смотрим дома,3544.64,KZT
28,Алтынай,Кредит наличными,обычный,Кызылорда,2025-06-28 12:10:21,Продукты питания,13521.87,KZT
28,Алтынай,Кредит наличными,обычный,Кызылорда,2025-06-28 14:30:41,Такси,4942.02,KZT
28,Алтынай,Кредит наличными,обычный,Кызылорда,2025-06-29 08:40:00,Играем дома,6074.6,KZT
28,Алтынай,Кредит наличными,обычный,Кызылорда,2025-06-29 10:40:35,Кафе и рестораны,7128.41,KZT
28,Алтынай,Кредит наличными,обычный,Кызылорда,2025-06-29 12:10:23,Продукты питания,28220.19,KZT
28,Алтынай,Кредит наличными,обычный,Кызылорда,2025-06-29 15:40:45,Смотрим дома,5181.55,KZT
28,Алтынай,Кредит наличными,обычный,Кызылорда,2025-06-30 08:40:24,Смотрим дома,3684.58,KZT
28,Алтынай,Кредит наличными,обычный,Кызылорда,2025-06-30 09:15:09,Такси,3155.7,KZT
28,Алтынай,Кредит наличными,обычный,Кызылорда,2025-06-30 09:30:20,Едим дома,4760.68,KZT
28,Алтынай,Кредит наличными,обычный,Кызылорда,2025-06-30 19:00:30,Кафе и рестораны,8278.45,KZT
28,Алтынай,Кредит наличными,обычный,Кызылорда,2025-06-30 21:10:02,Кино,3643.21,KZT
28,Алтынай,Кредит наличными,обычный,Кызылорда,2025-07-01 11:00:35,Смотрим дома,4974.15,KZT
28,Алтынай,Кредит наличными,обычный,Кызылорда,2025-07-01 19:00:51,Кафе и рестораны,12387.33,KZT
28,Алтынай,Кредит наличными,обычный,Кызылорда,2025-07-01 20:20:26,Кафе и рестораны,4382.05,KZT
28,Алтынай,Кредит наличными,обычный,Кызылорда,2025-07-04 10:50:55,Смотрим дома,5229.98,KZT
28,Алтынай,Кредит наличными,обычный,Кызылорда,2025-07-04 12:10:13,Продукты питания,14963.13,KZT
28,Алтынай,Кредит наличными,обычный,Кызылорда,2025-07-04 12:10:34,Кафе и рестораны,4257.49,KZT
28,Алтынай,Кредит наличными,обычный,Кызылорда,2025-07-04 13:10:24,Играем дома,5271.91,KZT
28,Алтынай,Кредит наличными,обычный,Кызылорда,2025-07-04 19:00:53,Кафе и рестораны,6219.34,KZT
28,Алтынай,Кредит наличными,обычный,Кызылорда,2025-07-04 20:50:12,Едим дома,3329.6,KZT
28,Алтынай,Кредит наличными,обычный,Кызылорда,2025-07-05 12:10:41,Продукты питания,18500.18,KZT
28,Алтынай,Кредит наличными,обычный,Кызылорда,2025-07-05 12:40:32,Кафе и рестораны,5413.77,KZT
28,Алтынай,Кредит наличными,обычный,Кызылорда,2025-07-05 16:00:57,Едим дома,3211.45,KZT
28,Алтынай,Кредит наличными,обычный,Кызылорда,2025-07-06 12:10:44,Продукты питания,21660.46,KZT
28,Алтынай,Кредит наличными,обычный,Кызылорда,2025-07-06 14:40:52,Такси,4355.09,KZT
28,Алтынай,Кредит наличными,обычный,Кызылорда,2025-07-07 10:00:31,Едим дома,6782.32,KZT
28,Алтынай,Кредит наличными,обычный,Кызылорда,2025-07-07 12:10:11,Продукты питания,16176.19,KZT
28,Алтынай,Кредит наличными,обычный,Кызылорда,2025-07-07 12:50:00,Такси,3162.55,KZT
28,Алтынай,Кредит наличными,обычный,Кызылорда,2025-07-07 12:50:32,Смотрим дома,5225.31,KZT
28,Алтынай,Кредит наличными,обычный,Кызылорда,2025-07-07 14:50:54,Едим дома,7902.59,KZT
28,Алтынай,Кредит наличными,обычный,Кызылорда,2025-07-07 19:00:09,Кафе и рестораны,5664.98,KZT
28,Алтынай,Кредит наличными,обычный,Кызылорда,2025-07-08 12:10:00,Продукты питания,17041.85,KZT
28,Алтынай,Кредит наличными,обычный,Кызылорда,2025-07-09 09:40:13,Кафе и рестораны,8346.46,KZT
28,Алтынай,Кредит наличными,обычный,Кызылорда,2025-07-09 11:00:11,Кино,3986.71,KZT
28,Алтынай,Кредит наличными,обычный,Кызылорда,2025-07-09 12:10:23,Продукты питания,15929.04,KZT
28,Алтынай,Кредит наличными,обычный,Кызылорда,2025-07-09 12:30:52,Смотрим дома,2608.16,KZT
28,Алтынай,Кредит наличными,обычный,Кызылорда,2025-07-09 14:50:41,Кафе и рестораны,4695.44,KZT
28,Алтынай,Кредит наличными,обычный,Кызылорда,2025-07-09 20:10:45,Играем дома,4998.83,KZT
28,Алтынай,Кредит наличными,обычный,Кызылорда,2025-07-09 21:50:32,Едим дома,4030.12,KZT
28,Алтынай,Кредит наличными,обычный,Кызылорда,2025-07-10 12:10:07,Продукты питания,10855.41,KZT
28,Алтынай,Кредит наличными,обычный,Кызылорда,2025-07-10 20:20:43,Едим дома,4771.7,KZT
28,Алтынай,Кредит наличными,обычный,Кызылорда,2025-07-10 21:10:40,Кино,4923.66,KZT
28,Алтынай,Кредит наличными,обычный,Кызылорда,2025-07-11 09:10:31,Едим дома,5010.19,KZT
28,Алтынай,Кредит наличными,обычный,Кызылорда,2025-07-11 12:10:15,Продукты питания,24198.85,KZT
28,Алтынай,Кредит наличными,обычный,Кызылорда,2025-07-11 13:10:46,Едим дома,3251.84,KZT
28,Алтынай,Кредит наличными,обычный,Кызылорда,2025-07-15 09:30:43,Смотрим дома,5278.51,KZT
28,Алтынай,Кредит наличными,обычный,Кызылорда,2025-07-15 12:00:26,Кафе и рестораны,4639.4,KZT
28,Алтынай,Кредит наличными,обычный,Кызылорда,2025-07-15 12:10:55,Продукты питания,17371.0,KZT
28,Алтынай,Кредит наличными,обычный,Кызылорда,2025-07-16 12:10:29,Продукты питания,16868.71,KZT
28,Алтынай,Кредит наличными,обычный,Кызылорда,2025-07-16 21:40:52,Кино,3086.29,KZT
28,Алтынай,Кредит наличными,обычный,Кызылорда,2025-07-17 12:10:21,Продукты питания,16419.62,KZT
28,Алтынай,Кредит наличными,обычный,Кызылорда,2025-07-17 13:00:18,Такси,4886.03,KZT
28,Алтынай,Кредит наличными,обычный,Кызылорда,2025-07-18 09:15:31,Такси,4382.3,KZT
28,Алтынай,Кредит наличными,обычный,Кызылорда,2025-07-18 13:10:39,Кино,10423.44,KZT
28,Алтынай,Кредит наличными,обычный,Кызылорда,2025-07-18 13:20:12,Такси,5815.35,KZT
28,Алтынай,Кредит наличными,обычный,Кызылорда,2025-07-18 15:40:07,Играем дома,5404.32,KZT
28,Алтынай,Кредит наличными,обычный,Кызылорда,2025-07-18 18:00:23,Играем дома,3254.22,KZT
28,Алтынай,Кредит наличными,обычный,Кызылорда,2025-07-18 21:50:24,Смотрим дома,3731.42,KZT
28,Алтынай,Кредит наличными,обычный,Кызылорда,2025-07-19 09:15:18,Такси,4091.42,KZT
28,Алтынай,Кредит наличными,обычный,Кызылорда,2025-07-19 13:00:13,Такси,5669.73,KZT
28,Алтынай,Кредит наличными,обычный,Кызылорда,2025-07-19 13:00:27,Кафе и рестораны,3178.04,KZT
28,Алтынай,Кредит наличными,обычный,Кызылорда,2025-07-19 13:30:36,Едим дома,6912.66,KZT
28,Алтынай,Кредит наличными,обычный,Кызылорда,2025-07-19 21:20:23,Играем дома,4138.71,KZT
28,Алтынай,Кредит наличными,обычный,Кызылорда,2025-07-20 12:10:09,Продукты питания,19334.69,KZT
28,Алтынай,Кредит наличными,обычный,Кызылорда,2025-07-20 15:20:29,Такси,4880.55,KZT
28,Алтынай,Кредит наличными,обычный,Кызылорда,2025-07-20 18:00:25,Играем дома,5102.22,KZT
28,Алтынай,Кредит наличными,обычный,Кызылорда,2025-07-20 19:00:54,Кафе и рестораны,9708.52,KZT
28,Алтынай,Кредит наличными,обычный,Кызылорда,2025-07-20 19:30:00,Играем дома,5220.46,KZT
28,Алтынай,Кредит наличными,обычный,Кызылорда,2025-07-21 09:15:53,Такси,5651.57,KZT
28,Алтынай,Кредит наличными,обычный,Кызылорда,2025-07-21 11:20:41,Кафе и рестораны,2796.75,KZT
28,Алтынай,Кредит наличными,обычный,Кызылорда,2025-07-21 12:10:07,Продукты питания,8253.05,KZT
28,Алтынай,Кредит наличными,обычный,Кызылорда,2025-07-21 14:00:08,Едим дома,4733.47,KZT
28,Алтынай,Кредит наличными,обычный,Кызылорда,2025-07-21 18:30:17,Играем дома,4076.05,KZT
28,Алтынай,Кредит наличными,обычный,Кызылорда,2025-07-21 21:00:54,Такси,4206.61,KZT
28,Алтынай,Кредит наличными,обычный,Кызылорда,2025-07-22 12:10:38,Продукты питания,11676.89,KZT
28,Алтынай,Кредит наличными,обычный,Кызылорда,2025-07-22 18:40:08,Кино,4518.22,KZT
28,Алтынай,Кредит наличными,обычный,Кызылорда,2025-07-24 08:20:00,Играем дома,2969.27,KZT
28,Алтынай,Кредит наличными,обычный,Кызылорда,2025-07-24 12:10:33,Продукты питания,12563.93,KZT
28,Алтынай,Кредит наличными,обычный,Кызылорда,2025-07-24 13:40:03,Едим дома,4311.88,KZT
28,Алтынай,Кредит наличными,обычный,Кызылорда,2025-07-24 16:30:36,Играем дома,5898.75,KZT
28,Алтынай,Кредит наличными,обычный,Кызылорда,2025-07-24 17:20:29,Кино,3536.3,KZT
28,Алтынай,Кредит наличными,обычный,Кызылорда,2025-07-24 19:00:05,Кафе и рестораны,8999.83,KZT
28,Алтынай,Кредит наличными,обычный,Кызылорда,2025-07-24 20:10:52,Кино,4067.0,KZT
28,Алтынай,Кредит наличными,обычный,Кызылорда,2025-07-25 12:10:21,Продукты питания,9997.57,KZT
28,Алтынай,Кредит наличными,обычный,Кызылорда,2025-07-25 15:30:54,Такси,5430.22,KZT
28,Алтынай,Кредит наличными,обычный,Кызылорда,2025-07-25 16:50:07,Такси,5166.71,KZT
28,Алтынай,Кредит наличными,обычный,Кызылорда,2025-07-25 19:00:36,Кафе и рестораны,5593.75,KZT
28,Алтынай,Кредит наличными,обычный,Кызылорда,2025-07-26 08:00:58,Кино,5450.09,KZT
28,Алтынай,Кредит наличными,обычный,Кызылорда,2025-07-26 14:20:35,Кино,3893.58,KZT
28,Алтынай,Кредит наличными,обычный,Кызылорда,2025-07-26 19:00:37,Кафе и рестораны,4058.79,KZT
28,Алтынай,Кредит наличными,обычный,Кызылорда,2025-07-26 19:50:10,Играем дома,4896.25,KZT
28,Алтынай,Кредит наличными,обычный,Кызылорда,2025-07-28 09:15:15,Такси,4889.27,KZT
28,Алтынай,Кредит наличными,обычный,Кызылорда,2025-07-28 12:10:51,Продукты питания,10554.15,KZT
28,Алтынай,Кредит наличными,обычный,Кызылорда,2025-07-28 13:20:56,Играем дома,4322.49,KZT
28,Алтынай,Кредит наличными,обычный,Кызылорда,2025-07-28 16:50:51,Кино,4979.86,KZT
28,Алтынай,Кредит наличными,обычный,Кызылорда,2025-07-28 21:00:34,Смотрим дома,4879.5,KZT
28,Алтынай,Кредит наличными,обычный,Кызылорда,2025-07-29 09:15:18,Такси,4106.79,KZT
28,Алтынай,Кредит наличными,обычный,Кызылорда,2025-07-29 16:10:19,Кафе и рестораны,3323.25,KZT
28,Алтынай,Кредит наличными,обычный,Кызылорда,2025-07-29 17:30:11,Смотрим дома,4443.45,KZT
28,Алтынай,Кредит наличными,обычный,Кызылорда,2025-07-29 18:30:36,АЗС,28396.77,KZT
28,Алтынай,Кредит наличными,обычный,Кызылорда,2025-07-29 19:10:20,Играем дома,4154.6,KZT
28,Алтынай,Кредит наличными,обычный,Кызылорда,2025-07-29 21:00:49,Кафе и рестораны,3887.21,KZT
28,Алтынай,Кредит наличными,обычный,Кызылорда,2025-07-30 18:30:36,АЗС,36309.54,KZT
28,Алтынай,Кредит наличными,обычный,Кызылорда,2025-07-31 09:15:46,Такси,3491.17,KZT
28,Алтынай,Кредит наличными,обычный,Кызылорда,2025-07-31 12:10:46,Продукты питания,18210.31,KZT
28,Алтынай,Кредит наличными,обычный,Кызылорда,2025-07-31 12:50:53,Едим дома,8720.35,KZT
28,Алтынай,Кредит наличными,обычный,Кызылорда,2025-07-31 14:30:57,Смотрим дома,2940.23,KZT
28,Алтынай,Кредит наличными,обычный,Кызылорда,2025-07-31 18:40:36,Кино,7091.49,KZT
28,Алтынай,Кредит наличными,обычный,Кызылорда,2025-07-31 19:00:44,Кафе и рестораны,7259.28,KZT
28,Алтынай,Кредит наличными,обычный,Кызылорда,2025-07-31 21:30:45,Такси,6496.94,KZT
28,Алтынай,Кредит наличными,обычный,Кызылорда,2025-07-31 21:50:32,Такси,4114.9,KZT
28,Алтынай,Кредит наличными,обычный,Кызылорда,2025-08-01 12:10:33,Продукты питания,11843.79,KZT
28,Алтынай,Кредит наличными,обычный,Кызылорда,2025-08-01 15:40:22,Кино,6789.28,KZT
28,Алтынай,Кредит наличными,обычный,Кызылорда,2025-08-01 19:00:01,Кафе и рестораны,9887.69,KZT
28,Алтынай,Кредит наличными,обычный,Кызылорда,2025-08-02 12:10:29,Продукты питания,13114.49,KZT
28,Алтынай,Кредит наличными,обычный,Кызылорда,2025-08-02 19:00:01,Кафе и рестораны,10765.91,KZT
28,Алтынай,Кредит наличными,обычный,Кызылорда,2025-08-03 08:40:04,Играем дома,3855.03,KZT
28,Алтынай,Кредит наличными,обычный,Кызылорда,2025-08-03 11:30:31,Кафе и рестораны,7599.63,KZT
28,Алтынай,Кредит наличными,обычный,Кызылорда,2025-08-03 12:10:11,Продукты питания,15387.39,KZT
28,Алтынай,Кредит наличными,обычный,Кызылорда,2025-08-03 13:30:31,Такси,4776.57,KZT
28,Алтынай,Кредит наличными,обычный,Кызылорда,2025-08-03 17:30:41,Играем дома,6440.81,KZT
28,Алтынай,Кредит наличными,обычный,Кызылорда,2025-08-04 09:00:53,Такси,3444.55,KZT
28,Алтынай,Кредит наличными,обычный,Кызылорда,2025-08-04 12:10:33,Продукты питания,17628.96,KZT
28,Алтынай,Кредит наличными,обычный,Кызылорда,2025-08-04 19:00:21,Кафе и рестораны,11141.34,KZT
28,Алтынай,Кредит наличными,обычный,Кызылорда,2025-08-05 09:10:10,Смотрим дома,3779.12,KZT
28,Алтынай,Кредит наличными,обычный,Кызылорда,2025-08-05 10:00:32,Смотрим дома,3925.58,KZT
28,Алтынай,Кредит наличными,обычный,Кызылорда,2025-08-05 11:50:57,Едим дома,4549.46,KZT
28,Алтынай,Кредит наличными,обычный,Кызылорда,2025-08-05 12:10:59,Продукты питания,11582.78,KZT
28,Алтынай,Кредит наличными,обычный,Кызылорда,2025-08-08 12:10:03,Продукты питания,13253.5,KZT
28,Алтынай,Кредит наличными,обычный,Кызылорда,2025-08-08 12:10:44,Кафе и рестораны,4422.22,KZT
28,Алтынай,Кредит наличными,обычный,Кызылорда,2025-08-08 19:10:21,Едим дома,3493.03,KZT
28,Алтынай,Кредит наличными,обычный,Кызылорда,2025-08-10 12:10:47,Продукты питания,9235.73,KZT
28,Алтынай,Кредит наличными,обычный,Кызылорда,2025-08-11 09:20:21,Кино,6245.21,KZT
28,Алтынай,Кредит наличными,обычный,Кызылорда,2025-08-11 12:10:20,Продукты питания,14241.47,KZT
28,Алтынай,Кредит наличными,обычный,Кызылорда,2025-08-11 12:20:01,Смотрим дома,4735.02,KZT
28,Алтынай,Кредит наличными,обычный,Кызылорда,2025-08-11 13:40:30,Кафе и рестораны,3584.08,KZT
28,Алтынай,Кредит наличными,обычный,Кызылорда,2025-08-11 17:00:06,Смотрим дома,4547.38,KZT
28,Алтынай,Кредит наличными,обычный,Кызылорда,2025-08-11 18:00:07,Кино,3420.34,KZT
28,Алтынай,Кредит наличными,обычный,Кызылорда,2025-08-11 19:00:01,Кафе и рестораны,14030.25,KZT
28,Алтынай,Кредит наличными,обычный,Кызылорда,2025-08-13 12:10:31,Продукты питания,25727.09,KZT
28,Алтынай,Кредит наличными,обычный,Кызылорда,2025-08-13 19:00:43,Кафе и рестораны,10809.31,KZT
28,Алтынай,Кредит наличными,обычный,Кызылорда,2025-08-14 12:10:46,Продукты питания,11511.19,KZT
28,Алтынай,Кредит наличными,обычный,Кызылорда,2025-08-14 12:20:58,Такси,6465.9,KZT
28,Алтынай,Кредит наличными,обычный,Кызылорда,2025-08-14 12:30:29,Играем дома,4449.99,KZT
28,Алтынай,Кредит наличными,обычный,Кызылорда,2025-08-14 18:00:37,Играем дома,6699.82,KZT
28,Алтынай,Кредит наличными,обычный,Кызылорда,2025-08-15 08:50:59,Смотрим дома,5235.91,KZT
28,Алтынай,Кредит наличными,обычный,Кызылорда,2025-08-15 12:10:30,Продукты питания,18750.9,KZT
28,Алтынай,Кредит наличными,обычный,Кызылорда,2025-08-15 12:20:13,Едим дома,5800.37,KZT
28,Алтынай,Кредит наличными,обычный,Кызылорда,2025-08-15 14:00:29,Такси,6543.97,KZT
28,Алтынай,Кредит наличными,обычный,Кызылорда,2025-08-15 15:00:30,Кино,6544.56,KZT
28,Алтынай,Кредит наличными,обычный,Кызылорда,2025-08-15 17:00:27,Кафе и рестораны,4120.59,KZT
28,Алтынай,Кредит наличными,обычный,Кызылорда,2025-08-15 19:00:50,Кафе и рестораны,16394.23,KZT
28,Алтынай,Кредит наличными,обычный,Кызылорда,2025-08-17 09:15:12,Такси,5424.17,KZT
28,Алтынай,Кредит наличными,обычный,Кызылорда,2025-08-17 18:10:33,Играем дома,5554.56,KZT
28,Алтынай,Кредит наличными,обычный,Кызылорда,2025-08-17 19:00:57,Кафе и рестораны,6680.59,KZT
28,Алтынай,Кредит наличными,обычный,Кызылорда,2025-08-19 09:15:04,Такси,6116.69,KZT
28,Алтынай,Кредит наличными,обычный,Кызылорда,2025-08-19 12:10:20,Продукты питания,17418.46,KZT
28,Алтынай,Кредит наличными,обычный,Кызылорда,2025-08-19 19:20:47,Играем дома,4975.87,KZT
28,Алтынай,Кредит наличными,обычный,Кызылорда,2025-08-22 09:50:42,Играем дома,3943.14,KZT
28,Алтынай,Кредит наличными,обычный,Кызылорда,2025-08-22 10:00:43,Кино,4412.56,KZT
28,Алтынай,Кредит наличными,обычный,Кызылорда,2025-08-22 10:30:27,Такси,3839.6,KZT
28,Алтынай,Кредит наличными,обычный,Кызылорда,2025-08-22 17:00:40,Кафе и рестораны,6090.19,KZT
28,Алтынай,Кредит наличными,обычный,Кызылорда,2025-08-22 19:00:28,Кафе и рестораны,7532.88,KZT
28,Алтынай,Кредит наличными,обычный,Кызылорда,2025-08-23 06:30:27,Такси,4220.83,KZT
28,Алтынай,Кредит наличными,обычный,Кызылорда,2025-08-23 09:00:40,Путешествия,49895.99,KZT
28,Алтынай,Кредит наличными,обычный,Кызылорда,2025-08-23 09:05:35,Кафе и рестораны,7765.19,KZT
28,Алтынай,Кредит наличными,обычный,Кызылорда,2025-08-23 10:20:15,Такси,1478.78,KZT
28,Алтынай,Кредит наличными,обычный,Кызылорда,2025-08-23 11:10:27,Кафе и рестораны,5037.04,KZT
28,Алтынай,Кредит наличными,обычный,Кызылорда,2025-08-23 12:00:36,Такси,3840.04,KZT
28,Алтынай,Кредит наличными,обычный,Кызылорда,2025-08-23 15:30:24,Развлечения,7760.73,KZT
28,Алтынай,Кредит наличными,обычный,Кызылорда,2025-08-23 19:40:25,Кафе и рестораны,7901.66,KZT
28,Алтынай,Кредит наличными,обычный,Кызылорда,2025-08-23 20:50:41,Играем дома,4459.92,KZT
28,Алтынай,Кредит наличными,обычный,Кызылорда,2025-08-23 22:30:33,Отели,52783.79,KZT
28,Алтынай,Кредит наличными,обычный,Кызылорда,2025-08-24 09:05:45,Кафе и рестораны,10499.6,KZT
28,Алтынай,Кредит наличными,обычный,Кызылорда,2025-08-24 10:20:07,Такси,2513.59,KZT
28,Алтынай,Кредит наличными,обычный,Кызылорда,2025-08-24 14:10:58,Кино,6654.2,KZT
28,Алтынай,Кредит наличными,обычный,Кызылорда,2025-08-24 15:10:18,Такси,7380.56,KZT
28,Алтынай,Кредит наличными,обычный,Кызылорда,2025-08-24 16:10:53,Смотрим дома,4843.48,KZT
28,Алтынай,Кредит наличными,обычный,Кызылорда,2025-08-24 19:00:49,Кафе и рестораны,4359.91,KZT
28,Алтынай,Кредит наличными,обычный,Кызылорда,2025-08-24 19:40:33,Кафе и рестораны,11511.72,KZT
28,Алтынай,Кредит наличными,обычный,Кызылорда,2025-08-24 21:20:59,Такси,4734.35,KZT
28,Алтынай,Кредит наличными,обычный,Кызылорда,2025-08-24 22:30:57,Отели,89924.46,KZT
28,Алтынай,Кредит наличными,обычный,Кызылорда,2025-08-25 09:05:05,Кафе и рестораны,12533.4,KZT
28,Алтынай,Кредит наличными,обычный,Кызылорда,2025-08-25 10:00:08,Такси,5590.78,KZT
28,Алтынай,Кредит наличными,обычный,Кызылорда,2025-08-25 10:20:09,Такси,4754.49,KZT
28,Алтынай,Кредит наличными,обычный,Кызылорда,2025-08-25 15:30:48,Развлечения,30415.57,KZT
28,Алтынай,Кредит наличными,обычный,Кызылорда,2025-08-25 16:00:22,Такси,4406.96,KZT
28,Алтынай,Кредит наличными,обычный,Кызылорда,2025-08-25 19:00:32,Путешествия,42003.56,KZT
28,Алтынай,Кредит наличными,обычный,Кызылорда,2025-08-25 19:40:06,Кафе и рестораны,21911.39,KZT
28,Алтынай,Кредит наличными,обычный,Кызылорда,2025-08-25 21:20:35,Такси,6571.9,KZT
28,Алтынай,Кредит наличными,обычный,Кызылорда,2025-08-25 22:30:55,Отели,60438.1,KZT
28,Алтынай,Кредит наличными,обычный,Кызылорда,2025-08-27 09:15:29,Такси,3939.31,KZT
28,Алтынай,Кредит наличными,обычный,Кызылорда,2025-08-27 10:20:04,Кафе и рестораны,5740.9,KZT
28,Алтынай,Кредит наличными,обычный,Кызылорда,2025-08-27 12:10:42,Продукты питания,13588.01,KZT
28,Алтынай,Кредит наличными,обычный,Кызылорда,2025-08-27 14:50:06,Едим дома,2559.41,KZT
28,Алтынай,Кредит наличными,обычный,Кызылорда,2025-08-27 15:10:47,Смотрим дома,3796.78,KZT
28,Алтынай,Кредит наличными,обычный,Кызылорда,2025-08-28 08:50:13,Такси,5884.6,KZT
28,Алтынай,Кредит наличными,обычный,Кызылорда,2025-08-28 10:00:04,Едим дома,11748.28,KZT
28,Алтынай,Кредит наличными,обычный,Кызылорда,2025-08-28 18:30:30,АЗС,28352.93,KZT
28,Алтынай,Кредит наличными,обычный,Кызылорда,2025-08-28 19:40:15,Кино,6229.48,KZT
28,Алтынай,Кредит наличными,обычный,Кызылорда,2025-08-29 09:15:31,Такси,2709.05,KZT
28,Алтынай,Кредит наличными,обычный,Кызылорда,2025-08-29 13:10:59,Играем дома,5057.63,KZT
28,Алтынай,Кредит наличными,обычный,Кызылорда,2025-08-29 13:20:22,Смотрим дома,5489.38,KZT
28,Алтынай,Кредит наличными,обычный,Кызылорда,2025-08-29 16:10:43,Кино,8421.39,KZT
28,Алтынай,Кредит наличными,обычный,Кызылорда,2025-08-29 18:10:57,Смотрим дома,3021.23,KZT
28,Алтынай,Кредит наличными,обычный,Кызылорда,2025-08-29 19:00:38,Кафе и рестораны,5676.23,KZT
28,Алтынай,Кредит наличными,обычный,Кызылорда,2025-08-30 09:30:22,Кино,2701.16,KZT
28,Алтынай,Кредит наличными,обычный,Кызылорда,2025-08-30 15:10:03,Едим дома,4235.71,KZT
28,Алтынай,Кредит наличными,обычный,Кызылорда,2025-08-30 19:00:21,Кафе и рестораны,7392.61,KZT
28,Алтынай,Кредит наличными,обычный,Кызылорда,2025-08-31 09:15:26,Такси,4232.53,KZT
28,Алтынай,Кредит наличными,обычный,Кызылорда,2025-08-31 10:00:06,Такси,4529.82,KZT
