﻿client_code,name,product,status,city,date,type,direction,amount,currency
14,Диас,Кредитная карта,зп,Астана,2025-06-01 08:47:11,refund_in,in,36621.69,KZT
14,Диас,Кредитная карта,зп,Астана,2025-06-01 09:17:10,card_in,in,7048.99,KZT
14,Диас,Кредитная карта,зп,Астана,2025-06-01 10:19:45,p2p_out,out,12562.78,KZT
14,Диас,Кредитная карта,зп,Астана,2025-06-01 11:28:38,card_out,out,17630.53,KZT
14,Диас,Кредитная карта,зп,Астана,2025-06-01 14:02:39,card_out,out,17482.56,KZT
14,Диас,Кредитная карта,зп,Астана,2025-06-01 15:05:19,p2p_out,out,20110.35,KZT
14,Диас,Кредитная карта,зп,Астана,2025-06-01 15:49:00,card_out,out,10414.11,KZT
14,Диас,Кредитная карта,зп,Астана,2025-06-01 17:07:09,card_out,out,26851.25,KZT
14,Диас,Кредитная карта,зп,Астана,2025-06-02 15:53:07,p2p_out,out,10459.07,KZT
14,Диас,Кредитная карта,зп,Астана,2025-06-02 16:37:33,card_out,out,11456.69,KZT
14,Диас,Кредитная карта,зп,Астана,2025-06-02 19:41:16,card_out,out,24361.64,KZT
14,Диас,Кредитная карта,зп,Астана,2025-06-02 21:19:47,card_out,out,22193.41,KZT
14,Диас,Кредитная карта,зп,Астана,2025-06-03 08:49:57,card_out,out,8160.76,KZT
14,Диас,Кредитная карта,зп,Астана,2025-06-03 08:53:27,card_out,out,40239.56,KZT
14,Диас,Кредитная карта,зп,Астана,2025-06-03 11:12:39,installment_payment_out,out,41156.64,KZT
14,Диас,Кредитная карта,зп,Астана,2025-06-03 15:03:57,card_out,out,9289.28,KZT
14,Диас,Кредитная карта,зп,Астана,2025-06-04 13:27:48,cashback_in,in,10147.29,KZT
14,Диас,Кредитная карта,зп,Астана,2025-06-04 16:48:40,p2p_out,out,18767.18,KZT
14,Диас,Кредитная карта,зп,Астана,2025-06-05 14:17:41,cc_repayment_out,out,39964.81,KZT
14,Диас,Кредитная карта,зп,Астана,2025-06-05 17:29:05,p2p_out,out,36013.35,KZT
14,Диас,Кредитная карта,зп,Астана,2025-06-05 18:19:21,card_out,out,22267.46,KZT
14,Диас,Кредитная карта,зп,Астана,2025-06-05 18:26:51,loan_payment_out,out,79550.18,KZT
14,Диас,Кредитная карта,зп,Астана,2025-06-07 17:13:10,cc_repayment_out,out,86714.24,KZT
14,Диас,Кредитная карта,зп,Астана,2025-06-07 19:59:57,card_out,out,47164.59,KZT
14,Диас,Кредитная карта,зп,Астана,2025-06-07 20:01:33,p2p_out,out,17500.29,KZT
14,Диас,Кредитная карта,зп,Астана,2025-06-08 14:08:42,card_out,out,11792.65,KZT
14,Диас,Кредитная карта,зп,Астана,2025-06-08 16:14:36,cc_repayment_out,out,103414.79,KZT
14,Диас,Кредитная карта,зп,Астана,2025-06-09 09:45:47,p2p_out,out,15804.8,KZT
14,Диас,Кредитная карта,зп,Астана,2025-06-09 21:51:04,card_in,in,15966.23,KZT
14,Диас,Кредитная карта,зп,Астана,2025-06-10 08:07:49,card_out,out,28213.03,KZT
14,Диас,Кредитная карта,зп,Астана,2025-06-10 08:36:23,card_out,out,15624.07,KZT
14,Диас,Кредитная карта,зп,Астана,2025-06-10 17:52:33,card_out,out,22448.71,KZT
14,Диас,Кредитная карта,зп,Астана,2025-06-11 09:23:14,cc_repayment_out,out,84302.11,KZT
14,Диас,Кредитная карта,зп,Астана,2025-06-11 10:13:10,loan_payment_out,out,75779.79,KZT
14,Диас,Кредитная карта,зп,Астана,2025-06-11 15:44:58,card_in,in,9061.47,KZT
14,Диас,Кредитная карта,зп,Астана,2025-06-11 21:00:06,card_out,out,23746.6,KZT
14,Диас,Кредитная карта,зп,Астана,2025-06-12 14:23:28,card_out,out,22784.29,KZT
14,Диас,Кредитная карта,зп,Астана,2025-06-12 15:40:14,card_out,out,41928.35,KZT
14,Диас,Кредитная карта,зп,Астана,2025-06-12 16:16:56,p2p_out,out,17117.22,KZT
14,Диас,Кредитная карта,зп,Астана,2025-06-12 17:36:01,installment_payment_out,out,45573.39,KZT
14,Диас,Кредитная карта,зп,Астана,2025-06-12 21:07:43,card_out,out,36741.41,KZT
14,Диас,Кредитная карта,зп,Астана,2025-06-14 11:23:01,p2p_out,out,8819.66,KZT
14,Диас,Кредитная карта,зп,Астана,2025-06-14 16:55:31,card_out,out,34813.99,KZT
14,Диас,Кредитная карта,зп,Астана,2025-06-14 17:37:09,p2p_out,out,17122.04,KZT
14,Диас,Кредитная карта,зп,Астана,2025-06-15 08:45:19,p2p_out,out,13689.86,KZT
14,Диас,Кредитная карта,зп,Астана,2025-06-15 09:57:29,utilities_out,out,27596.52,KZT
14,Диас,Кредитная карта,зп,Астана,2025-06-15 10:02:04,card_out,out,25391.46,KZT
14,Диас,Кредитная карта,зп,Астана,2025-06-15 12:31:18,atm_withdrawal,out,34808.08,KZT
14,Диас,Кредитная карта,зп,Астана,2025-06-15 12:42:03,p2p_out,out,29780.88,KZT
14,Диас,Кредитная карта,зп,Астана,2025-06-15 16:21:54,installment_payment_out,out,37015.02,KZT
14,Диас,Кредитная карта,зп,Астана,2025-06-15 21:36:40,atm_withdrawal,out,44788.37,KZT
14,Диас,Кредитная карта,зп,Астана,2025-06-17 11:29:55,p2p_out,out,6686.68,KZT
14,Диас,Кредитная карта,зп,Астана,2025-06-17 14:38:48,card_out,out,13989.61,KZT
14,Диас,Кредитная карта,зп,Астана,2025-06-17 15:02:28,card_out,out,43538.71,KZT
14,Диас,Кредитная карта,зп,Астана,2025-06-17 16:28:22,card_out,out,7977.57,KZT
14,Диас,Кредитная карта,зп,Астана,2025-06-17 19:28:03,salary_in,in,552097.32,KZT
14,Диас,Кредитная карта,зп,Астана,2025-06-18 12:11:42,atm_withdrawal,out,43419.75,KZT
14,Диас,Кредитная карта,зп,Астана,2025-06-18 13:37:42,installment_payment_out,out,45199.78,KZT
14,Диас,Кредитная карта,зп,Астана,2025-06-18 14:43:41,card_out,out,19075.13,KZT
14,Диас,Кредитная карта,зп,Астана,2025-06-19 12:39:05,installment_payment_out,out,147936.27,KZT
14,Диас,Кредитная карта,зп,Астана,2025-06-19 12:55:37,installment_payment_out,out,52255.94,KZT
14,Диас,Кредитная карта,зп,Астана,2025-06-20 09:44:31,cashback_in,in,9063.76,KZT
14,Диас,Кредитная карта,зп,Астана,2025-06-20 12:53:26,loan_payment_out,out,26468.94,KZT
14,Диас,Кредитная карта,зп,Астана,2025-06-20 21:39:48,atm_withdrawal,out,27379.27,KZT
14,Диас,Кредитная карта,зп,Астана,2025-06-21 11:30:08,card_out,out,16783.85,KZT
14,Диас,Кредитная карта,зп,Астана,2025-06-21 12:09:16,card_out,out,6994.11,KZT
14,Диас,Кредитная карта,зп,Астана,2025-06-21 17:50:27,card_out,out,15524.34,KZT
14,Диас,Кредитная карта,зп,Астана,2025-06-21 17:56:08,card_in,in,12803.62,KZT
14,Диас,Кредитная карта,зп,Астана,2025-06-21 20:32:50,p2p_out,out,6864.05,KZT
14,Диас,Кредитная карта,зп,Астана,2025-06-22 09:37:08,card_out,out,13755.12,KZT
14,Диас,Кредитная карта,зп,Астана,2025-06-22 20:11:51,card_out,out,13890.13,KZT
14,Диас,Кредитная карта,зп,Астана,2025-06-23 09:24:20,utilities_out,out,20163.78,KZT
14,Диас,Кредитная карта,зп,Астана,2025-06-23 15:24:44,p2p_out,out,9308.53,KZT
14,Диас,Кредитная карта,зп,Астана,2025-06-23 16:35:06,card_out,out,11810.14,KZT
14,Диас,Кредитная карта,зп,Астана,2025-06-24 11:43:41,utilities_out,out,24203.11,KZT
14,Диас,Кредитная карта,зп,Астана,2025-06-24 21:02:25,p2p_out,out,17049.65,KZT
14,Диас,Кредитная карта,зп,Астана,2025-06-24 21:59:37,p2p_out,out,41911.3,KZT
14,Диас,Кредитная карта,зп,Астана,2025-06-25 11:21:52,card_out,out,10910.39,KZT
14,Диас,Кредитная карта,зп,Астана,2025-06-25 17:26:59,p2p_out,out,14355.17,KZT
14,Диас,Кредитная карта,зп,Астана,2025-06-26 09:26:57,atm_withdrawal,out,20450.73,KZT
14,Диас,Кредитная карта,зп,Астана,2025-06-26 10:41:01,card_out,out,18767.72,KZT
14,Диас,Кредитная карта,зп,Астана,2025-06-26 12:45:49,p2p_out,out,22259.95,KZT
14,Диас,Кредитная карта,зп,Астана,2025-06-27 08:41:03,cc_repayment_out,out,66332.67,KZT
14,Диас,Кредитная карта,зп,Астана,2025-06-27 09:58:35,cashback_in,in,12178.23,KZT
14,Диас,Кредитная карта,зп,Астана,2025-06-27 12:23:45,card_out,out,12328.77,KZT
14,Диас,Кредитная карта,зп,Астана,2025-06-27 13:41:26,card_in,in,6904.56,KZT
14,Диас,Кредитная карта,зп,Астана,2025-06-27 15:01:35,p2p_out,out,10540.45,KZT
14,Диас,Кредитная карта,зп,Астана,2025-06-27 17:45:52,card_out,out,14708.54,KZT
14,Диас,Кредитная карта,зп,Астана,2025-06-28 08:05:17,refund_in,in,7793.18,KZT
14,Диас,Кредитная карта,зп,Астана,2025-06-28 09:15:01,card_out,out,13474.1,KZT
14,Диас,Кредитная карта,зп,Астана,2025-06-28 17:49:40,utilities_out,out,32995.15,KZT
14,Диас,Кредитная карта,зп,Астана,2025-06-28 18:11:34,card_out,out,26736.29,KZT
14,Диас,Кредитная карта,зп,Астана,2025-06-28 19:09:04,cc_repayment_out,out,52171.07,KZT
14,Диас,Кредитная карта,зп,Астана,2025-06-29 08:07:02,card_out,out,14605.17,KZT
14,Диас,Кредитная карта,зп,Астана,2025-06-29 09:13:19,utilities_out,out,26069.07,KZT
14,Диас,Кредитная карта,зп,Астана,2025-06-29 11:09:19,card_out,out,5319.2,KZT
14,Диас,Кредитная карта,зп,Астана,2025-06-29 15:32:13,card_out,out,19660.52,KZT
14,Диас,Кредитная карта,зп,Астана,2025-06-30 08:37:17,card_out,out,25609.71,KZT
14,Диас,Кредитная карта,зп,Астана,2025-06-30 10:50:55,atm_withdrawal,out,98359.86,KZT
14,Диас,Кредитная карта,зп,Астана,2025-06-30 12:38:45,card_out,out,16733.52,KZT
14,Диас,Кредитная карта,зп,Астана,2025-07-01 11:16:52,atm_withdrawal,out,39080.5,KZT
14,Диас,Кредитная карта,зп,Астана,2025-07-01 13:26:32,card_out,out,15171.21,KZT
14,Диас,Кредитная карта,зп,Астана,2025-07-02 08:35:55,card_in,in,9293.66,KZT
14,Диас,Кредитная карта,зп,Астана,2025-07-02 09:06:46,cc_repayment_out,out,65618.18,KZT
14,Диас,Кредитная карта,зп,Астана,2025-07-02 12:42:12,atm_withdrawal,out,34853.23,KZT
14,Диас,Кредитная карта,зп,Астана,2025-07-02 15:19:17,card_out,out,45702.97,KZT
14,Диас,Кредитная карта,зп,Астана,2025-07-03 10:13:01,p2p_out,out,23348.74,KZT
14,Диас,Кредитная карта,зп,Астана,2025-07-03 10:58:54,card_out,out,24907.1,KZT
14,Диас,Кредитная карта,зп,Астана,2025-07-03 11:45:04,cc_repayment_out,out,72707.95,KZT
14,Диас,Кредитная карта,зп,Астана,2025-07-03 17:30:16,card_out,out,11127.74,KZT
14,Диас,Кредитная карта,зп,Астана,2025-07-03 20:26:39,card_out,out,25820.3,KZT
14,Диас,Кредитная карта,зп,Астана,2025-07-04 08:34:53,p2p_out,out,8985.41,KZT
14,Диас,Кредитная карта,зп,Астана,2025-07-04 18:40:25,card_out,out,30293.17,KZT
14,Диас,Кредитная карта,зп,Астана,2025-07-04 19:55:52,card_out,out,12369.71,KZT
14,Диас,Кредитная карта,зп,Астана,2025-07-05 11:41:16,card_out,out,13302.32,KZT
14,Диас,Кредитная карта,зп,Астана,2025-07-06 15:40:42,p2p_out,out,9370.08,KZT
14,Диас,Кредитная карта,зп,Астана,2025-07-06 21:11:20,p2p_out,out,24873.3,KZT
14,Диас,Кредитная карта,зп,Астана,2025-07-07 12:07:04,p2p_out,out,79697.12,KZT
14,Диас,Кредитная карта,зп,Астана,2025-07-07 14:22:13,atm_withdrawal,out,13320.11,KZT
14,Диас,Кредитная карта,зп,Астана,2025-07-07 17:03:04,p2p_out,out,5521.67,KZT
14,Диас,Кредитная карта,зп,Астана,2025-07-07 17:17:47,p2p_out,out,18227.06,KZT
14,Диас,Кредитная карта,зп,Астана,2025-07-07 20:24:44,card_out,out,18864.56,KZT
14,Диас,Кредитная карта,зп,Астана,2025-07-08 09:16:25,card_out,out,20470.8,KZT
14,Диас,Кредитная карта,зп,Астана,2025-07-08 10:49:13,loan_payment_out,out,42140.29,KZT
14,Диас,Кредитная карта,зп,Астана,2025-07-08 11:32:26,card_out,out,12357.04,KZT
14,Диас,Кредитная карта,зп,Астана,2025-07-08 21:48:52,card_out,out,6930.44,KZT
14,Диас,Кредитная карта,зп,Астана,2025-07-09 17:48:15,card_out,out,15530.63,KZT
14,Диас,Кредитная карта,зп,Астана,2025-07-09 19:03:45,cc_repayment_out,out,73325.36,KZT
14,Диас,Кредитная карта,зп,Астана,2025-07-09 21:15:44,card_out,out,5290.97,KZT
14,Диас,Кредитная карта,зп,Астана,2025-07-09 21:35:12,installment_payment_out,out,62612.88,KZT
14,Диас,Кредитная карта,зп,Астана,2025-07-10 15:54:51,utilities_out,out,34522.98,KZT
14,Диас,Кредитная карта,зп,Астана,2025-07-11 20:59:33,card_in,in,21120.88,KZT
14,Диас,Кредитная карта,зп,Астана,2025-07-12 10:29:30,card_in,in,4636.41,KZT
14,Диас,Кредитная карта,зп,Астана,2025-07-12 13:27:20,card_out,out,20659.98,KZT
14,Диас,Кредитная карта,зп,Астана,2025-07-12 15:01:45,card_out,out,8463.44,KZT
14,Диас,Кредитная карта,зп,Астана,2025-07-12 20:30:18,card_out,out,19479.89,KZT
14,Диас,Кредитная карта,зп,Астана,2025-07-13 09:03:52,p2p_out,out,12072.44,KZT
14,Диас,Кредитная карта,зп,Астана,2025-07-13 11:30:07,atm_withdrawal,out,11995.98,KZT
14,Диас,Кредитная карта,зп,Астана,2025-07-13 13:54:05,p2p_out,out,13344.47,KZT
14,Диас,Кредитная карта,зп,Астана,2025-07-13 16:31:48,installment_payment_out,out,56099.15,KZT
14,Диас,Кредитная карта,зп,Астана,2025-07-13 17:04:40,utilities_out,out,40557.44,KZT
14,Диас,Кредитная карта,зп,Астана,2025-07-14 13:15:16,card_out,out,14194.23,KZT
14,Диас,Кредитная карта,зп,Астана,2025-07-15 13:11:54,cashback_in,in,11476.6,KZT
14,Диас,Кредитная карта,зп,Астана,2025-07-16 08:40:27,installment_payment_out,out,29737.41,KZT
14,Диас,Кредитная карта,зп,Астана,2025-07-16 10:25:00,p2p_out,out,30628.58,KZT
14,Диас,Кредитная карта,зп,Астана,2025-07-16 14:03:39,card_out,out,19097.71,KZT
14,Диас,Кредитная карта,зп,Астана,2025-07-16 14:42:56,installment_payment_out,out,28738.37,KZT
14,Диас,Кредитная карта,зп,Астана,2025-07-16 18:36:23,card_out,out,30888.02,KZT
14,Диас,Кредитная карта,зп,Астана,2025-07-17 09:39:35,card_out,out,24113.1,KZT
14,Диас,Кредитная карта,зп,Астана,2025-07-17 10:14:36,atm_withdrawal,out,55699.88,KZT
14,Диас,Кредитная карта,зп,Астана,2025-07-17 11:17:57,card_out,out,12214.12,KZT
14,Диас,Кредитная карта,зп,Астана,2025-07-18 11:27:32,p2p_out,out,36377.28,KZT
14,Диас,Кредитная карта,зп,Астана,2025-07-18 11:36:27,card_out,out,12344.95,KZT
14,Диас,Кредитная карта,зп,Астана,2025-07-18 14:38:14,card_out,out,5126.13,KZT
14,Диас,Кредитная карта,зп,Астана,2025-07-18 15:22:08,utilities_out,out,29124.72,KZT
14,Диас,Кредитная карта,зп,Астана,2025-07-18 18:48:26,card_out,out,22998.82,KZT
14,Диас,Кредитная карта,зп,Астана,2025-07-19 08:05:39,installment_payment_out,out,37311.74,KZT
14,Диас,Кредитная карта,зп,Астана,2025-07-19 09:02:45,cc_repayment_out,out,131642.19,KZT
14,Диас,Кредитная карта,зп,Астана,2025-07-19 09:45:28,atm_withdrawal,out,27978.9,KZT
14,Диас,Кредитная карта,зп,Астана,2025-07-19 11:14:54,salary_in,in,333227.27,KZT
14,Диас,Кредитная карта,зп,Астана,2025-07-20 08:08:31,loan_payment_out,out,34619.2,KZT
14,Диас,Кредитная карта,зп,Астана,2025-07-20 14:49:49,card_out,out,13154.7,KZT
14,Диас,Кредитная карта,зп,Астана,2025-07-20 17:07:45,p2p_out,out,36067.29,KZT
14,Диас,Кредитная карта,зп,Астана,2025-07-20 20:53:22,card_out,out,17637.13,KZT
14,Диас,Кредитная карта,зп,Астана,2025-07-21 08:03:57,cc_repayment_out,out,66212.31,KZT
14,Диас,Кредитная карта,зп,Астана,2025-07-21 11:51:21,p2p_out,out,27288.09,KZT
14,Диас,Кредитная карта,зп,Астана,2025-07-21 13:02:05,utilities_out,out,19744.98,KZT
14,Диас,Кредитная карта,зп,Астана,2025-07-21 21:22:15,card_out,out,16468.76,KZT
14,Диас,Кредитная карта,зп,Астана,2025-07-24 08:33:53,card_in,in,14721.64,KZT
14,Диас,Кредитная карта,зп,Астана,2025-07-24 09:10:21,p2p_out,out,13341.19,KZT
14,Диас,Кредитная карта,зп,Астана,2025-07-24 12:15:27,card_out,out,42474.04,KZT
14,Диас,Кредитная карта,зп,Астана,2025-07-24 13:48:56,card_out,out,5943.65,KZT
14,Диас,Кредитная карта,зп,Астана,2025-07-24 16:48:14,utilities_out,out,33798.59,KZT
14,Диас,Кредитная карта,зп,Астана,2025-07-24 17:35:21,card_out,out,16045.24,KZT
14,Диас,Кредитная карта,зп,Астана,2025-07-24 18:30:24,card_out,out,25272.77,KZT
14,Диас,Кредитная карта,зп,Астана,2025-07-25 08:36:03,card_out,out,26184.24,KZT
14,Диас,Кредитная карта,зп,Астана,2025-07-25 17:50:22,card_out,out,10829.82,KZT
14,Диас,Кредитная карта,зп,Астана,2025-07-26 17:35:45,card_out,out,26139.47,KZT
14,Диас,Кредитная карта,зп,Астана,2025-07-27 16:33:32,p2p_out,out,11777.96,KZT
14,Диас,Кредитная карта,зп,Астана,2025-07-27 18:36:52,card_out,out,31809.74,KZT
14,Диас,Кредитная карта,зп,Астана,2025-07-27 21:41:50,card_out,out,50769.74,KZT
14,Диас,Кредитная карта,зп,Астана,2025-07-28 08:31:36,refund_in,in,7828.47,KZT
14,Диас,Кредитная карта,зп,Астана,2025-07-28 09:31:09,loan_payment_out,out,82530.2,KZT
14,Диас,Кредитная карта,зп,Астана,2025-07-28 09:33:11,p2p_out,out,24781.91,KZT
14,Диас,Кредитная карта,зп,Астана,2025-07-28 13:13:00,p2p_out,out,14800.59,KZT
14,Диас,Кредитная карта,зп,Астана,2025-07-28 15:18:05,card_out,out,30502.25,KZT
14,Диас,Кредитная карта,зп,Астана,2025-07-28 16:17:58,card_out,out,17192.5,KZT
14,Диас,Кредитная карта,зп,Астана,2025-07-28 20:30:30,p2p_out,out,17647.45,KZT
14,Диас,Кредитная карта,зп,Астана,2025-07-28 20:57:30,installment_payment_out,out,50674.89,KZT
14,Диас,Кредитная карта,зп,Астана,2025-07-29 08:49:20,refund_in,in,7101.09,KZT
14,Диас,Кредитная карта,зп,Астана,2025-07-29 13:23:04,card_out,out,20596.91,KZT
14,Диас,Кредитная карта,зп,Астана,2025-07-29 14:08:11,card_out,out,17054.08,KZT
14,Диас,Кредитная карта,зп,Астана,2025-07-29 16:00:28,p2p_out,out,23935.07,KZT
14,Диас,Кредитная карта,зп,Астана,2025-07-29 16:55:56,card_out,out,23090.52,KZT
14,Диас,Кредитная карта,зп,Астана,2025-07-30 08:55:17,p2p_out,out,25675.86,KZT
14,Диас,Кредитная карта,зп,Астана,2025-07-30 15:31:19,card_out,out,35037.65,KZT
14,Диас,Кредитная карта,зп,Астана,2025-07-30 15:45:00,cc_repayment_out,out,93358.7,KZT
14,Диас,Кредитная карта,зп,Астана,2025-07-30 19:41:35,cashback_in,in,18391.15,KZT
14,Диас,Кредитная карта,зп,Астана,2025-07-31 08:02:30,card_in,in,12062.48,KZT
14,Диас,Кредитная карта,зп,Астана,2025-07-31 17:36:04,cashback_in,in,19231.84,KZT
14,Диас,Кредитная карта,зп,Астана,2025-08-01 10:57:16,loan_payment_out,out,78963.39,KZT
14,Диас,Кредитная карта,зп,Астана,2025-08-01 13:51:43,installment_payment_out,out,102814.23,KZT
14,Диас,Кредитная карта,зп,Астана,2025-08-01 14:12:03,card_out,out,11711.17,KZT
14,Диас,Кредитная карта,зп,Астана,2025-08-01 14:22:22,cc_repayment_out,out,88673.2,KZT
14,Диас,Кредитная карта,зп,Астана,2025-08-01 18:59:08,card_out,out,23642.73,KZT
14,Диас,Кредитная карта,зп,Астана,2025-08-02 08:51:17,p2p_out,out,26922.32,KZT
14,Диас,Кредитная карта,зп,Астана,2025-08-02 11:24:00,salary_in,in,395053.05,KZT
14,Диас,Кредитная карта,зп,Астана,2025-08-03 14:26:29,atm_withdrawal,out,25762.23,KZT
14,Диас,Кредитная карта,зп,Астана,2025-08-03 15:59:09,installment_payment_out,out,40049.69,KZT
14,Диас,Кредитная карта,зп,Астана,2025-08-03 16:00:29,card_out,out,10915.38,KZT
14,Диас,Кредитная карта,зп,Астана,2025-08-03 16:09:02,card_out,out,16614.04,KZT
14,Диас,Кредитная карта,зп,Астана,2025-08-04 17:43:44,card_out,out,5695.63,KZT
14,Диас,Кредитная карта,зп,Астана,2025-08-04 18:07:12,card_out,out,7974.07,KZT
14,Диас,Кредитная карта,зп,Астана,2025-08-04 19:14:08,refund_in,in,10250.5,KZT
14,Диас,Кредитная карта,зп,Астана,2025-08-05 10:13:16,card_out,out,8929.63,KZT
14,Диас,Кредитная карта,зп,Астана,2025-08-05 17:21:50,card_out,out,24915.2,KZT
14,Диас,Кредитная карта,зп,Астана,2025-08-05 21:31:38,card_in,in,8479.68,KZT
14,Диас,Кредитная карта,зп,Астана,2025-08-06 08:22:33,card_out,out,12029.54,KZT
14,Диас,Кредитная карта,зп,Астана,2025-08-06 14:13:28,cc_repayment_out,out,185827.8,KZT
14,Диас,Кредитная карта,зп,Астана,2025-08-06 14:23:54,loan_payment_out,out,49085.06,KZT
14,Диас,Кредитная карта,зп,Астана,2025-08-06 14:32:53,card_out,out,22533.61,KZT
14,Диас,Кредитная карта,зп,Астана,2025-08-06 14:51:25,atm_withdrawal,out,28124.39,KZT
14,Диас,Кредитная карта,зп,Астана,2025-08-07 08:51:42,card_out,out,20929.28,KZT
14,Диас,Кредитная карта,зп,Астана,2025-08-07 10:00:32,installment_payment_out,out,47500.9,KZT
14,Диас,Кредитная карта,зп,Астана,2025-08-07 10:45:48,p2p_out,out,30003.19,KZT
14,Диас,Кредитная карта,зп,Астана,2025-08-07 14:56:30,p2p_out,out,15130.55,KZT
14,Диас,Кредитная карта,зп,Астана,2025-08-07 21:03:35,card_out,out,24787.53,KZT
14,Диас,Кредитная карта,зп,Астана,2025-08-07 21:51:06,p2p_out,out,12729.53,KZT
14,Диас,Кредитная карта,зп,Астана,2025-08-08 09:53:57,card_in,in,41022.18,KZT
14,Диас,Кредитная карта,зп,Астана,2025-08-08 13:05:11,card_out,out,74807.17,KZT
14,Диас,Кредитная карта,зп,Астана,2025-08-08 14:27:08,card_in,in,12187.76,KZT
14,Диас,Кредитная карта,зп,Астана,2025-08-08 18:03:22,atm_withdrawal,out,67413.33,KZT
14,Диас,Кредитная карта,зп,Астана,2025-08-09 20:56:00,card_in,in,8794.54,KZT
14,Диас,Кредитная карта,зп,Астана,2025-08-10 08:37:41,atm_withdrawal,out,26669.93,KZT
14,Диас,Кредитная карта,зп,Астана,2025-08-10 10:03:16,p2p_out,out,21148.4,KZT
14,Диас,Кредитная карта,зп,Астана,2025-08-10 17:44:49,installment_payment_out,out,43607.1,KZT
14,Диас,Кредитная карта,зп,Астана,2025-08-11 08:21:00,cashback_in,in,4670.79,KZT
14,Диас,Кредитная карта,зп,Астана,2025-08-11 13:16:46,card_out,out,7050.7,KZT
14,Диас,Кредитная карта,зп,Астана,2025-08-11 15:41:59,p2p_out,out,18494.39,KZT
14,Диас,Кредитная карта,зп,Астана,2025-08-11 16:58:19,p2p_out,out,40223.76,KZT
14,Диас,Кредитная карта,зп,Астана,2025-08-12 08:02:56,card_out,out,19691.53,KZT
14,Диас,Кредитная карта,зп,Астана,2025-08-12 09:42:45,card_out,out,17602.12,KZT
14,Диас,Кредитная карта,зп,Астана,2025-08-12 19:41:34,cc_repayment_out,out,152506.19,KZT
14,Диас,Кредитная карта,зп,Астана,2025-08-13 08:39:20,cc_repayment_out,out,217046.46,KZT
14,Диас,Кредитная карта,зп,Астана,2025-08-13 10:43:27,card_out,out,19540.47,KZT
14,Диас,Кредитная карта,зп,Астана,2025-08-13 10:53:30,atm_withdrawal,out,23205.2,KZT
14,Диас,Кредитная карта,зп,Астана,2025-08-13 10:57:08,p2p_out,out,19373.22,KZT
14,Диас,Кредитная карта,зп,Астана,2025-08-13 18:39:39,p2p_out,out,20928.39,KZT
14,Диас,Кредитная карта,зп,Астана,2025-08-14 21:36:32,card_out,out,25117.67,KZT
14,Диас,Кредитная карта,зп,Астана,2025-08-15 14:09:28,utilities_out,out,30516.53,KZT
14,Диас,Кредитная карта,зп,Астана,2025-08-16 15:14:53,p2p_out,out,24085.7,KZT
14,Диас,Кредитная карта,зп,Астана,2025-08-16 16:12:38,card_out,out,19405.58,KZT
14,Диас,Кредитная карта,зп,Астана,2025-08-16 17:18:27,p2p_out,out,26925.75,KZT
14,Диас,Кредитная карта,зп,Астана,2025-08-16 19:38:38,refund_in,in,11796.92,KZT
14,Диас,Кредитная карта,зп,Астана,2025-08-17 10:20:55,p2p_out,out,26039.02,KZT
14,Диас,Кредитная карта,зп,Астана,2025-08-17 11:32:36,card_out,out,25288.4,KZT
14,Диас,Кредитная карта,зп,Астана,2025-08-17 11:51:18,utilities_out,out,24951.58,KZT
14,Диас,Кредитная карта,зп,Астана,2025-08-17 15:23:27,card_out,out,14630.31,KZT
14,Диас,Кредитная карта,зп,Астана,2025-08-18 12:03:27,cc_repayment_out,out,92500.94,KZT
14,Диас,Кредитная карта,зп,Астана,2025-08-18 14:13:43,card_out,out,15707.27,KZT
14,Диас,Кредитная карта,зп,Астана,2025-08-18 17:50:24,card_out,out,17543.45,KZT
14,Диас,Кредитная карта,зп,Астана,2025-08-18 18:36:35,card_out,out,11779.04,KZT
14,Диас,Кредитная карта,зп,Астана,2025-08-19 11:59:55,card_out,out,7610.57,KZT
14,Диас,Кредитная карта,зп,Астана,2025-08-19 14:15:10,utilities_out,out,13050.19,KZT
14,Диас,Кредитная карта,зп,Астана,2025-08-19 18:58:03,loan_payment_out,out,66462.67,KZT
14,Диас,Кредитная карта,зп,Астана,2025-08-19 19:00:25,utilities_out,out,20239.97,KZT
14,Диас,Кредитная карта,зп,Астана,2025-08-20 09:53:04,card_out,out,75771.27,KZT
14,Диас,Кредитная карта,зп,Астана,2025-08-20 11:54:03,card_out,out,17760.01,KZT
14,Диас,Кредитная карта,зп,Астана,2025-08-20 17:52:55,card_out,out,18238.96,KZT
14,Диас,Кредитная карта,зп,Астана,2025-08-21 12:43:19,installment_payment_out,out,55404.59,KZT
14,Диас,Кредитная карта,зп,Астана,2025-08-21 15:35:30,utilities_out,out,29571.84,KZT
14,Диас,Кредитная карта,зп,Астана,2025-08-22 18:54:37,card_out,out,11995.34,KZT
14,Диас,Кредитная карта,зп,Астана,2025-08-23 11:07:40,card_out,out,10960.87,KZT
14,Диас,Кредитная карта,зп,Астана,2025-08-23 15:20:26,p2p_out,out,28551.28,KZT
14,Диас,Кредитная карта,зп,Астана,2025-08-23 19:37:52,p2p_out,out,12530.33,KZT
14,Диас,Кредитная карта,зп,Астана,2025-08-23 21:48:24,card_out,out,18704.41,KZT
14,Диас,Кредитная карта,зп,Астана,2025-08-24 14:23:55,cashback_in,in,22261.47,KZT
14,Диас,Кредитная карта,зп,Астана,2025-08-24 17:09:15,atm_withdrawal,out,11159.55,KZT
14,Диас,Кредитная карта,зп,Астана,2025-08-25 11:57:20,card_out,out,32358.4,KZT
14,Диас,Кредитная карта,зп,Астана,2025-08-25 17:25:34,card_out,out,13921.12,KZT
14,Диас,Кредитная карта,зп,Астана,2025-08-26 10:10:14,card_out,out,16445.53,KZT
14,Диас,Кредитная карта,зп,Астана,2025-08-26 17:31:35,p2p_out,out,8708.32,KZT
14,Диас,Кредитная карта,зп,Астана,2025-08-26 19:56:28,card_out,out,22697.07,KZT
14,Диас,Кредитная карта,зп,Астана,2025-08-27 08:08:06,card_out,out,7542.46,KZT
14,Диас,Кредитная карта,зп,Астана,2025-08-27 10:33:54,card_out,out,71373.09,KZT
14,Диас,Кредитная карта,зп,Астана,2025-08-27 11:05:33,cashback_in,in,11118.24,KZT
14,Диас,Кредитная карта,зп,Астана,2025-08-27 11:05:34,installment_payment_out,out,65289.56,KZT
14,Диас,Кредитная карта,зп,Астана,2025-08-27 12:34:10,p2p_out,out,23559.08,KZT
14,Диас,Кредитная карта,зп,Астана,2025-08-27 14:24:12,p2p_out,out,16728.9,KZT
14,Диас,Кредитная карта,зп,Астана,2025-08-28 10:06:02,p2p_out,out,18889.93,KZT
14,Диас,Кредитная карта,зп,Астана,2025-08-28 11:05:30,card_out,out,13056.52,KZT
14,Диас,Кредитная карта,зп,Астана,2025-08-28 21:01:42,card_out,out,28428.66,KZT
14,Диас,Кредитная карта,зп,Астана,2025-08-29 08:06:11,card_out,out,15521.12,KZT
14,Диас,Кредитная карта,зп,Астана,2025-08-29 08:57:17,card_in,in,30184.72,KZT
14,Диас,Кредитная карта,зп,Астана,2025-08-29 12:01:02,card_out,out,40861.93,KZT
14,Диас,Кредитная карта,зп,Астана,2025-08-30 10:53:10,p2p_out,out,25599.83,KZT
14,Диас,Кредитная карта,зп,Астана,2025-08-30 18:02:12,cc_repayment_out,out,43195.43,KZT
14,Диас,Кредитная карта,зп,Астана,2025-08-30 19:24:52,card_out,out,7524.04,KZT
14,Диас,Кредитная карта,зп,Астана,2025-08-31 17:06:58,card_out,out,36845.57,KZT
14,Диас,Кредитная карта,зп,Астана,2025-08-31 20:01:04,p2p_out,out,17666.78,KZT
