﻿client_code,name,product,status,city,date,category,amount,currency
43,Нуртас,Депозит Накопительный,Зарплатный клиент,Астана,2025-06-01 08:10:47,Такси,6170.92,KZT
43,Нуртас,Депозит Накопительный,Зарплатный клиент,Астана,2025-06-01 09:15:40,Такси,3502.9,KZT
43,Нуртас,Депозит Накопительный,Зарплатный клиент,Астана,2025-06-01 12:10:04,Продукты питания,10855.86,KZT
43,Нуртас,Депозит Накопительный,Зарплатный клиент,Астана,2025-06-01 13:40:20,Едим дома,5526.59,KZT
43,Нуртас,Депозит Накопительный,Зарплатный клиент,Астана,2025-06-01 20:20:08,Играем дома,4054.23,KZT
43,Нуртас,Депозит Накопительный,Зарплатный клиент,Астана,2025-06-02 11:40:00,Смотрим дома,6332.08,KZT
43,Нуртас,Депозит Накопительный,Зарплатный клиент,Астана,2025-06-02 12:10:41,Продукты питания,12822.56,KZT
43,Нуртас,Депозит Накопительный,Зарплатный клиент,Астана,2025-06-02 16:40:58,Смотрим дома,4567.2,KZT
43,Нуртас,Депозит Накопительный,Зарплатный клиент,Астана,2025-06-02 18:30:36,Смотрим дома,4393.82,KZT
43,Нуртас,Депозит Накопительный,Зарплатный клиент,Астана,2025-06-03 09:15:13,Такси,4577.62,KZT
43,Нуртас,Депозит Накопительный,Зарплатный клиент,Астана,2025-06-03 10:20:10,Кафе и рестораны,2568.93,KZT
43,Нуртас,Депозит Накопительный,Зарплатный клиент,Астана,2025-06-03 12:10:09,Продукты питания,19881.96,KZT
43,Нуртас,Депозит Накопительный,Зарплатный клиент,Астана,2025-06-03 12:30:22,Кино,4248.82,KZT
43,Нуртас,Депозит Накопительный,Зарплатный клиент,Астана,2025-06-03 18:50:12,Едим дома,3455.36,KZT
43,Нуртас,Депозит Накопительный,Зарплатный клиент,Астана,2025-06-04 12:10:26,Продукты питания,14170.9,KZT
43,Нуртас,Депозит Накопительный,Зарплатный клиент,Астана,2025-06-04 13:50:29,Кино,4754.93,KZT
43,Нуртас,Депозит Накопительный,Зарплатный клиент,Астана,2025-06-05 14:40:10,Играем дома,4315.97,KZT
43,Нуртас,Депозит Накопительный,Зарплатный клиент,Астана,2025-06-05 15:50:36,Играем дома,5366.27,KZT
43,Нуртас,Депозит Накопительный,Зарплатный клиент,Астана,2025-06-05 18:30:13,АЗС,22624.98,KZT
43,Нуртас,Депозит Накопительный,Зарплатный клиент,Астана,2025-06-05 19:00:22,Кафе и рестораны,3625.39,KZT
43,Нуртас,Депозит Накопительный,Зарплатный клиент,Астана,2025-06-05 19:50:07,Играем дома,3807.89,KZT
43,Нуртас,Депозит Накопительный,Зарплатный клиент,Астана,2025-06-05 21:10:04,Едим дома,7963.36,KZT
43,Нуртас,Депозит Накопительный,Зарплатный клиент,Астана,2025-06-07 12:10:18,Продукты питания,14533.83,KZT
43,Нуртас,Депозит Накопительный,Зарплатный клиент,Астана,2025-06-08 09:15:06,Такси,8120.83,KZT
43,Нуртас,Депозит Накопительный,Зарплатный клиент,Астана,2025-06-08 10:20:34,Играем дома,6366.43,KZT
43,Нуртас,Депозит Накопительный,Зарплатный клиент,Астана,2025-06-08 12:10:45,Продукты питания,19569.7,KZT
43,Нуртас,Депозит Накопительный,Зарплатный клиент,Астана,2025-06-08 19:00:13,Кафе и рестораны,12073.34,KZT
43,Нуртас,Депозит Накопительный,Зарплатный клиент,Астана,2025-06-08 19:10:09,Смотрим дома,4910.43,KZT
43,Нуртас,Депозит Накопительный,Зарплатный клиент,Астана,2025-06-08 20:00:55,Играем дома,6694.3,KZT
43,Нуртас,Депозит Накопительный,Зарплатный клиент,Астана,2025-06-10 08:50:49,Кафе и рестораны,4654.6,KZT
43,Нуртас,Депозит Накопительный,Зарплатный клиент,Астана,2025-06-10 12:10:10,Кино,5455.84,KZT
43,Нуртас,Депозит Накопительный,Зарплатный клиент,Астана,2025-06-10 12:10:20,Продукты питания,8258.92,KZT
43,Нуртас,Депозит Накопительный,Зарплатный клиент,Астана,2025-06-10 12:50:15,Такси,4426.33,KZT
43,Нуртас,Депозит Накопительный,Зарплатный клиент,Астана,2025-06-10 19:00:09,Кафе и рестораны,6676.11,KZT
43,Нуртас,Депозит Накопительный,Зарплатный клиент,Астана,2025-06-10 19:10:22,Смотрим дома,4439.55,KZT
43,Нуртас,Депозит Накопительный,Зарплатный клиент,Астана,2025-06-10 19:40:51,Едим дома,6164.73,KZT
43,Нуртас,Депозит Накопительный,Зарплатный клиент,Астана,2025-06-10 21:50:54,Едим дома,3465.21,KZT
43,Нуртас,Депозит Накопительный,Зарплатный клиент,Астана,2025-06-11 08:50:18,Играем дома,4939.09,KZT
43,Нуртас,Депозит Накопительный,Зарплатный клиент,Астана,2025-06-11 10:50:55,Кафе и рестораны,5326.77,KZT
43,Нуртас,Депозит Накопительный,Зарплатный клиент,Астана,2025-06-11 12:10:01,Продукты питания,19136.2,KZT
43,Нуртас,Депозит Накопительный,Зарплатный клиент,Астана,2025-06-11 13:10:12,Смотрим дома,4733.9,KZT
43,Нуртас,Депозит Накопительный,Зарплатный клиент,Астана,2025-06-11 18:00:48,Кино,3765.08,KZT
43,Нуртас,Депозит Накопительный,Зарплатный клиент,Астана,2025-06-12 12:10:04,Продукты питания,19552.48,KZT
43,Нуртас,Депозит Накопительный,Зарплатный клиент,Астана,2025-06-13 09:15:44,Такси,3256.8,KZT
43,Нуртас,Депозит Накопительный,Зарплатный клиент,Астана,2025-06-13 12:10:40,Продукты питания,23429.92,KZT
43,Нуртас,Депозит Накопительный,Зарплатный клиент,Астана,2025-06-14 12:10:46,Продукты питания,6922.5,KZT
43,Нуртас,Депозит Накопительный,Зарплатный клиент,Астана,2025-06-14 21:40:17,Кино,4407.7,KZT
43,Нуртас,Депозит Накопительный,Зарплатный клиент,Астана,2025-06-15 12:10:16,Продукты питания,12606.62,KZT
43,Нуртас,Депозит Накопительный,Зарплатный клиент,Астана,2025-06-15 15:10:50,Смотрим дома,6684.28,KZT
43,Нуртас,Депозит Накопительный,Зарплатный клиент,Астана,2025-06-15 17:30:08,Едим дома,5026.45,KZT
43,Нуртас,Депозит Накопительный,Зарплатный клиент,Астана,2025-06-15 17:30:24,Играем дома,5414.56,KZT
43,Нуртас,Депозит Накопительный,Зарплатный клиент,Астана,2025-06-15 18:20:09,Едим дома,4975.53,KZT
43,Нуртас,Депозит Накопительный,Зарплатный клиент,Астана,2025-06-15 19:00:25,Кафе и рестораны,13976.03,KZT
43,Нуртас,Депозит Накопительный,Зарплатный клиент,Астана,2025-06-16 12:10:03,Продукты питания,14496.68,KZT
43,Нуртас,Депозит Накопительный,Зарплатный клиент,Астана,2025-06-16 19:00:30,Кафе и рестораны,6806.61,KZT
43,Нуртас,Депозит Накопительный,Зарплатный клиент,Астана,2025-06-17 11:10:35,Играем дома,4528.86,KZT
43,Нуртас,Депозит Накопительный,Зарплатный клиент,Астана,2025-06-17 12:10:11,Продукты питания,27555.72,KZT
43,Нуртас,Депозит Накопительный,Зарплатный клиент,Астана,2025-06-17 13:40:45,Едим дома,5348.53,KZT
43,Нуртас,Депозит Накопительный,Зарплатный клиент,Астана,2025-06-17 14:00:43,Кино,2470.92,KZT
43,Нуртас,Депозит Накопительный,Зарплатный клиент,Астана,2025-06-17 19:00:04,Кафе и рестораны,4418.21,KZT
43,Нуртас,Депозит Накопительный,Зарплатный клиент,Астана,2025-06-17 19:50:43,Кино,5491.37,KZT
43,Нуртас,Депозит Накопительный,Зарплатный клиент,Астана,2025-06-18 12:10:20,Продукты питания,9555.78,KZT
43,Нуртас,Депозит Накопительный,Зарплатный клиент,Астана,2025-06-18 17:50:58,Смотрим дома,5248.72,KZT
43,Нуртас,Депозит Накопительный,Зарплатный клиент,Астана,2025-06-18 19:10:23,Играем дома,4680.02,KZT
43,Нуртас,Депозит Накопительный,Зарплатный клиент,Астана,2025-06-20 09:50:15,Едим дома,7865.91,KZT
43,Нуртас,Депозит Накопительный,Зарплатный клиент,Астана,2025-06-20 10:10:44,Смотрим дома,5023.79,KZT
43,Нуртас,Депозит Накопительный,Зарплатный клиент,Астана,2025-06-20 12:10:22,Продукты питания,6268.7,KZT
43,Нуртас,Депозит Накопительный,Зарплатный клиент,Астана,2025-06-20 15:20:20,Такси,6201.42,KZT
43,Нуртас,Депозит Накопительный,Зарплатный клиент,Астана,2025-06-20 18:20:15,Такси,4641.35,KZT
43,Нуртас,Депозит Накопительный,Зарплатный клиент,Астана,2025-06-20 19:00:00,Кафе и рестораны,5759.59,KZT
43,Нуртас,Депозит Накопительный,Зарплатный клиент,Астана,2025-06-20 21:20:59,Такси,5143.39,KZT
43,Нуртас,Депозит Накопительный,Зарплатный клиент,Астана,2025-06-23 09:15:56,Такси,4006.43,KZT
43,Нуртас,Депозит Накопительный,Зарплатный клиент,Астана,2025-06-23 15:50:58,Играем дома,4430.82,KZT
43,Нуртас,Депозит Накопительный,Зарплатный клиент,Астана,2025-06-23 19:00:20,Кафе и рестораны,6200.43,KZT
43,Нуртас,Депозит Накопительный,Зарплатный клиент,Астана,2025-06-23 21:00:55,Кафе и рестораны,6864.14,KZT
43,Нуртас,Депозит Накопительный,Зарплатный клиент,Астана,2025-06-24 09:50:58,Такси,2930.18,KZT
43,Нуртас,Депозит Накопительный,Зарплатный клиент,Астана,2025-06-24 12:10:54,Продукты питания,27206.01,KZT
43,Нуртас,Депозит Накопительный,Зарплатный клиент,Астана,2025-06-24 19:00:56,Кафе и рестораны,5631.31,KZT
43,Нуртас,Депозит Накопительный,Зарплатный клиент,Астана,2025-06-24 20:50:27,Кино,9718.0,KZT
43,Нуртас,Депозит Накопительный,Зарплатный клиент,Астана,2025-06-25 08:10:10,Такси,7720.0,KZT
43,Нуртас,Депозит Накопительный,Зарплатный клиент,Астана,2025-06-25 09:15:33,Такси,1998.45,KZT
43,Нуртас,Депозит Накопительный,Зарплатный клиент,Астана,2025-06-25 14:00:50,Едим дома,3968.63,KZT
43,Нуртас,Депозит Накопительный,Зарплатный клиент,Астана,2025-06-25 16:10:15,Играем дома,4470.23,KZT
43,Нуртас,Депозит Накопительный,Зарплатный клиент,Астана,2025-06-25 19:00:34,Кафе и рестораны,11155.66,KZT
43,Нуртас,Депозит Накопительный,Зарплатный клиент,Астана,2025-06-25 20:20:24,Такси,5093.6,KZT
43,Нуртас,Депозит Накопительный,Зарплатный клиент,Астана,2025-06-26 09:15:10,Такси,6512.04,KZT
43,Нуртас,Депозит Накопительный,Зарплатный клиент,Астана,2025-06-26 12:10:51,Продукты питания,13739.6,KZT
43,Нуртас,Депозит Накопительный,Зарплатный клиент,Астана,2025-06-26 12:50:16,Такси,4485.42,KZT
43,Нуртас,Депозит Накопительный,Зарплатный клиент,Астана,2025-06-26 15:00:47,Играем дома,7745.47,KZT
43,Нуртас,Депозит Накопительный,Зарплатный клиент,Астана,2025-06-26 17:10:24,Играем дома,9731.88,KZT
43,Нуртас,Депозит Накопительный,Зарплатный клиент,Астана,2025-06-27 08:20:05,Кафе и рестораны,2687.24,KZT
43,Нуртас,Депозит Накопительный,Зарплатный клиент,Астана,2025-06-27 08:40:45,Кафе и рестораны,7792.89,KZT
43,Нуртас,Депозит Накопительный,Зарплатный клиент,Астана,2025-06-27 09:15:03,Такси,4965.64,KZT
43,Нуртас,Депозит Накопительный,Зарплатный клиент,Астана,2025-06-27 12:10:57,Продукты питания,8210.97,KZT
43,Нуртас,Депозит Накопительный,Зарплатный клиент,Астана,2025-06-27 18:40:20,Такси,4394.89,KZT
43,Нуртас,Депозит Накопительный,Зарплатный клиент,Астана,2025-06-27 19:00:11,Кафе и рестораны,10614.42,KZT
43,Нуртас,Депозит Накопительный,Зарплатный клиент,Астана,2025-06-28 09:15:39,Такси,2923.95,KZT
43,Нуртас,Депозит Накопительный,Зарплатный клиент,Астана,2025-06-28 12:10:39,Продукты питания,7559.86,KZT
43,Нуртас,Депозит Накопительный,Зарплатный клиент,Астана,2025-06-28 16:00:21,Смотрим дома,5315.75,KZT
43,Нуртас,Депозит Накопительный,Зарплатный клиент,Астана,2025-06-28 18:30:41,АЗС,31787.55,KZT
43,Нуртас,Депозит Накопительный,Зарплатный клиент,Астана,2025-07-01 09:15:54,Такси,3716.6,KZT
43,Нуртас,Депозит Накопительный,Зарплатный клиент,Астана,2025-07-01 12:10:52,Продукты питания,18293.91,KZT
43,Нуртас,Депозит Накопительный,Зарплатный клиент,Астана,2025-07-01 15:20:18,Смотрим дома,7176.54,KZT
43,Нуртас,Депозит Накопительный,Зарплатный клиент,Астана,2025-07-01 19:00:28,Кафе и рестораны,7354.05,KZT
43,Нуртас,Депозит Накопительный,Зарплатный клиент,Астана,2025-07-05 08:20:34,Играем дома,4264.22,KZT
43,Нуртас,Депозит Накопительный,Зарплатный клиент,Астана,2025-07-05 12:10:11,Продукты питания,10200.04,KZT
43,Нуртас,Депозит Накопительный,Зарплатный клиент,Астана,2025-07-05 16:10:44,Играем дома,4804.32,KZT
43,Нуртас,Депозит Накопительный,Зарплатный клиент,Астана,2025-07-05 17:30:27,Кафе и рестораны,4136.41,KZT
43,Нуртас,Депозит Накопительный,Зарплатный клиент,Астана,2025-07-05 18:50:22,Кафе и рестораны,5790.91,KZT
43,Нуртас,Депозит Накопительный,Зарплатный клиент,Астана,2025-07-06 09:15:19,Такси,2403.08,KZT
43,Нуртас,Депозит Накопительный,Зарплатный клиент,Астана,2025-07-06 12:10:28,Продукты питания,10120.72,KZT
43,Нуртас,Депозит Накопительный,Зарплатный клиент,Астана,2025-07-07 09:10:00,Такси,4943.55,KZT
43,Нуртас,Депозит Накопительный,Зарплатный клиент,Астана,2025-07-07 12:10:16,Продукты питания,5508.22,KZT
43,Нуртас,Депозит Накопительный,Зарплатный клиент,Астана,2025-07-08 09:15:28,Такси,3276.71,KZT
43,Нуртас,Депозит Накопительный,Зарплатный клиент,Астана,2025-07-08 12:10:13,Продукты питания,10341.16,KZT
43,Нуртас,Депозит Накопительный,Зарплатный клиент,Астана,2025-07-08 16:20:50,Такси,2958.95,KZT
43,Нуртас,Депозит Накопительный,Зарплатный клиент,Астана,2025-07-08 19:00:55,Кафе и рестораны,5871.35,KZT
43,Нуртас,Депозит Накопительный,Зарплатный клиент,Астана,2025-07-09 12:10:19,Продукты питания,23821.64,KZT
43,Нуртас,Депозит Накопительный,Зарплатный клиент,Астана,2025-07-09 12:50:24,Кино,6902.82,KZT
43,Нуртас,Депозит Накопительный,Зарплатный клиент,Астана,2025-07-10 10:40:45,Кафе и рестораны,4822.46,KZT
43,Нуртас,Депозит Накопительный,Зарплатный клиент,Астана,2025-07-10 12:10:49,Продукты питания,20917.02,KZT
43,Нуртас,Депозит Накопительный,Зарплатный клиент,Астана,2025-07-10 16:30:51,Смотрим дома,4206.32,KZT
43,Нуртас,Депозит Накопительный,Зарплатный клиент,Астана,2025-07-10 17:00:26,Едим дома,3659.58,KZT
43,Нуртас,Депозит Накопительный,Зарплатный клиент,Астана,2025-07-10 19:00:31,Кафе и рестораны,18982.28,KZT
43,Нуртас,Депозит Накопительный,Зарплатный клиент,Астана,2025-07-11 16:30:03,Кино,7940.06,KZT
43,Нуртас,Депозит Накопительный,Зарплатный клиент,Астана,2025-07-11 19:00:01,Кафе и рестораны,8676.16,KZT
43,Нуртас,Депозит Накопительный,Зарплатный клиент,Астана,2025-07-11 21:20:55,Кино,6133.27,KZT
43,Нуртас,Депозит Накопительный,Зарплатный клиент,Астана,2025-07-12 09:15:26,Такси,3953.13,KZT
43,Нуртас,Депозит Накопительный,Зарплатный клиент,Астана,2025-07-12 12:10:02,Продукты питания,10055.29,KZT
43,Нуртас,Депозит Накопительный,Зарплатный клиент,Астана,2025-07-12 12:30:06,Кино,6410.85,KZT
43,Нуртас,Депозит Накопительный,Зарплатный клиент,Астана,2025-07-12 19:00:28,Кафе и рестораны,11676.81,KZT
43,Нуртас,Депозит Накопительный,Зарплатный клиент,Астана,2025-07-13 10:30:25,Едим дома,2474.41,KZT
43,Нуртас,Депозит Накопительный,Зарплатный клиент,Астана,2025-07-13 12:10:00,Продукты питания,36842.1,KZT
43,Нуртас,Депозит Накопительный,Зарплатный клиент,Астана,2025-07-13 14:40:05,Такси,4095.22,KZT
43,Нуртас,Депозит Накопительный,Зарплатный клиент,Астана,2025-07-13 14:40:47,Кино,4656.98,KZT
43,Нуртас,Депозит Накопительный,Зарплатный клиент,Астана,2025-07-13 16:40:39,Кино,4317.7,KZT
43,Нуртас,Депозит Накопительный,Зарплатный клиент,Астана,2025-07-13 16:40:46,Кино,4443.0,KZT
43,Нуртас,Депозит Накопительный,Зарплатный клиент,Астана,2025-07-13 19:00:52,Кафе и рестораны,9155.29,KZT
43,Нуртас,Депозит Накопительный,Зарплатный клиент,Астана,2025-07-13 20:00:45,Смотрим дома,5706.56,KZT
43,Нуртас,Депозит Накопительный,Зарплатный клиент,Астана,2025-07-15 12:10:29,Продукты питания,20025.74,KZT
43,Нуртас,Депозит Накопительный,Зарплатный клиент,Астана,2025-07-15 16:30:16,Кино,3498.03,KZT
43,Нуртас,Депозит Накопительный,Зарплатный клиент,Астана,2025-07-15 21:50:10,Играем дома,4414.91,KZT
43,Нуртас,Депозит Накопительный,Зарплатный клиент,Астана,2025-07-16 12:10:47,Продукты питания,13132.39,KZT
43,Нуртас,Депозит Накопительный,Зарплатный клиент,Астана,2025-07-16 16:50:27,Кафе и рестораны,5098.14,KZT
43,Нуртас,Депозит Накопительный,Зарплатный клиент,Астана,2025-07-16 21:10:56,Кино,3549.4,KZT
43,Нуртас,Депозит Накопительный,Зарплатный клиент,Астана,2025-07-18 11:10:29,Играем дома,3155.94,KZT
43,Нуртас,Депозит Накопительный,Зарплатный клиент,Астана,2025-07-18 15:20:10,Играем дома,3191.51,KZT
43,Нуртас,Депозит Накопительный,Зарплатный клиент,Астана,2025-07-18 15:40:12,Играем дома,5449.64,KZT
43,Нуртас,Депозит Накопительный,Зарплатный клиент,Астана,2025-07-18 19:00:07,Кафе и рестораны,12458.56,KZT
43,Нуртас,Депозит Накопительный,Зарплатный клиент,Астана,2025-07-20 09:15:24,Такси,2708.53,KZT
43,Нуртас,Депозит Накопительный,Зарплатный клиент,Астана,2025-07-20 12:10:21,Продукты питания,9606.07,KZT
43,Нуртас,Депозит Накопительный,Зарплатный клиент,Астана,2025-07-20 13:50:49,Такси,3961.94,KZT
43,Нуртас,Депозит Накопительный,Зарплатный клиент,Астана,2025-07-20 17:20:53,Такси,3938.55,KZT
43,Нуртас,Депозит Накопительный,Зарплатный клиент,Астана,2025-07-20 18:30:11,АЗС,30013.52,KZT
43,Нуртас,Депозит Накопительный,Зарплатный клиент,Астана,2025-07-20 19:30:46,Смотрим дома,5518.49,KZT
43,Нуртас,Депозит Накопительный,Зарплатный клиент,Астана,2025-07-20 20:20:57,Играем дома,7287.23,KZT
43,Нуртас,Депозит Накопительный,Зарплатный клиент,Астана,2025-07-21 12:10:13,Продукты питания,17735.79,KZT
43,Нуртас,Депозит Накопительный,Зарплатный клиент,Астана,2025-07-21 15:00:15,Кафе и рестораны,6829.95,KZT
43,Нуртас,Депозит Накопительный,Зарплатный клиент,Астана,2025-07-21 15:30:06,Играем дома,6333.14,KZT
43,Нуртас,Депозит Накопительный,Зарплатный клиент,Астана,2025-07-21 17:00:30,Играем дома,6368.79,KZT
43,Нуртас,Депозит Накопительный,Зарплатный клиент,Астана,2025-07-21 17:20:32,Такси,4331.01,KZT
43,Нуртас,Депозит Накопительный,Зарплатный клиент,Астана,2025-07-22 09:50:10,Кино,4088.73,KZT
43,Нуртас,Депозит Накопительный,Зарплатный клиент,Астана,2025-07-22 12:10:28,Продукты питания,6550.08,KZT
43,Нуртас,Депозит Накопительный,Зарплатный клиент,Астана,2025-07-22 13:20:47,Едим дома,7230.13,KZT
43,Нуртас,Депозит Накопительный,Зарплатный клиент,Астана,2025-07-22 13:40:41,Смотрим дома,5799.67,KZT
43,Нуртас,Депозит Накопительный,Зарплатный клиент,Астана,2025-07-22 15:30:47,Такси,7896.0,KZT
43,Нуртас,Депозит Накопительный,Зарплатный клиент,Астана,2025-07-22 18:20:57,Играем дома,4492.42,KZT
43,Нуртас,Депозит Накопительный,Зарплатный клиент,Астана,2025-07-22 18:50:56,Кино,6832.82,KZT
43,Нуртас,Депозит Накопительный,Зарплатный клиент,Астана,2025-07-22 19:10:51,Смотрим дома,5602.82,KZT
43,Нуртас,Депозит Накопительный,Зарплатный клиент,Астана,2025-07-22 19:30:38,Едим дома,3901.77,KZT
43,Нуртас,Депозит Накопительный,Зарплатный клиент,Астана,2025-07-22 20:50:26,Едим дома,4701.83,KZT
43,Нуртас,Депозит Накопительный,Зарплатный клиент,Астана,2025-07-25 09:10:48,Играем дома,6364.57,KZT
43,Нуртас,Депозит Накопительный,Зарплатный клиент,Астана,2025-07-25 09:20:05,Кафе и рестораны,7184.69,KZT
43,Нуртас,Депозит Накопительный,Зарплатный клиент,Астана,2025-07-25 12:10:04,Продукты питания,13523.08,KZT
43,Нуртас,Депозит Накопительный,Зарплатный клиент,Астана,2025-07-25 21:50:19,Смотрим дома,4695.27,KZT
43,Нуртас,Депозит Накопительный,Зарплатный клиент,Астана,2025-07-26 08:20:10,Кафе и рестораны,3859.27,KZT
43,Нуртас,Депозит Накопительный,Зарплатный клиент,Астана,2025-07-26 10:30:35,Кафе и рестораны,4350.19,KZT
43,Нуртас,Депозит Накопительный,Зарплатный клиент,Астана,2025-07-26 12:10:10,Продукты питания,21545.65,KZT
43,Нуртас,Депозит Накопительный,Зарплатный клиент,Астана,2025-07-26 18:00:15,Играем дома,5487.26,KZT
43,Нуртас,Депозит Накопительный,Зарплатный клиент,Астана,2025-07-26 18:10:23,Играем дома,3977.53,KZT
43,Нуртас,Депозит Накопительный,Зарплатный клиент,Астана,2025-07-26 19:00:19,Кафе и рестораны,10323.79,KZT
43,Нуртас,Депозит Накопительный,Зарплатный клиент,Астана,2025-07-26 20:20:18,Смотрим дома,4302.24,KZT
43,Нуртас,Депозит Накопительный,Зарплатный клиент,Астана,2025-07-27 10:40:14,Такси,4467.28,KZT
43,Нуртас,Депозит Накопительный,Зарплатный клиент,Астана,2025-07-27 11:40:20,Играем дома,4506.59,KZT
43,Нуртас,Депозит Накопительный,Зарплатный клиент,Астана,2025-07-27 12:10:22,Продукты питания,17559.81,KZT
43,Нуртас,Депозит Накопительный,Зарплатный клиент,Астана,2025-07-27 12:20:31,Смотрим дома,5237.2,KZT
43,Нуртас,Депозит Накопительный,Зарплатный клиент,Астана,2025-07-27 18:30:23,АЗС,12801.74,KZT
43,Нуртас,Депозит Накопительный,Зарплатный клиент,Астана,2025-07-28 13:20:19,Кино,3623.2,KZT
43,Нуртас,Депозит Накопительный,Зарплатный клиент,Астана,2025-07-28 19:00:23,Кафе и рестораны,5625.09,KZT
43,Нуртас,Депозит Накопительный,Зарплатный клиент,Астана,2025-07-29 12:10:30,Продукты питания,18807.68,KZT
43,Нуртас,Депозит Накопительный,Зарплатный клиент,Астана,2025-07-29 14:00:44,Кино,3486.26,KZT
43,Нуртас,Депозит Накопительный,Зарплатный клиент,Астана,2025-07-29 15:30:42,Кафе и рестораны,5085.58,KZT
43,Нуртас,Депозит Накопительный,Зарплатный клиент,Астана,2025-07-29 15:50:05,Кино,8418.66,KZT
43,Нуртас,Депозит Накопительный,Зарплатный клиент,Астана,2025-07-29 17:50:45,Кафе и рестораны,3721.09,KZT
43,Нуртас,Депозит Накопительный,Зарплатный клиент,Астана,2025-07-29 19:20:47,Смотрим дома,7413.64,KZT
43,Нуртас,Депозит Накопительный,Зарплатный клиент,Астана,2025-07-30 09:15:17,Такси,10507.99,KZT
43,Нуртас,Депозит Накопительный,Зарплатный клиент,Астана,2025-07-30 11:30:53,Кафе и рестораны,4440.59,KZT
43,Нуртас,Депозит Накопительный,Зарплатный клиент,Астана,2025-07-30 17:30:03,Играем дома,4061.11,KZT
43,Нуртас,Депозит Накопительный,Зарплатный клиент,Астана,2025-07-31 12:10:25,Продукты питания,20240.6,KZT
43,Нуртас,Депозит Накопительный,Зарплатный клиент,Астана,2025-07-31 21:00:23,Смотрим дома,6318.16,KZT
43,Нуртас,Депозит Накопительный,Зарплатный клиент,Астана,2025-08-01 09:15:05,Такси,3703.8,KZT
43,Нуртас,Депозит Накопительный,Зарплатный клиент,Астана,2025-08-01 11:10:08,Кафе и рестораны,6595.0,KZT
43,Нуртас,Депозит Накопительный,Зарплатный клиент,Астана,2025-08-02 09:40:00,Такси,3794.63,KZT
43,Нуртас,Депозит Накопительный,Зарплатный клиент,Астана,2025-08-02 12:10:49,Продукты питания,21270.64,KZT
43,Нуртас,Депозит Накопительный,Зарплатный клиент,Астана,2025-08-02 19:30:15,Едим дома,6456.25,KZT
43,Нуртас,Депозит Накопительный,Зарплатный клиент,Астана,2025-08-03 09:15:24,Такси,5274.1,KZT
43,Нуртас,Депозит Накопительный,Зарплатный клиент,Астана,2025-08-03 18:30:57,Играем дома,2664.34,KZT
43,Нуртас,Депозит Накопительный,Зарплатный клиент,Астана,2025-08-03 21:30:57,Едим дома,5122.55,KZT
43,Нуртас,Депозит Накопительный,Зарплатный клиент,Астана,2025-08-04 12:10:30,Продукты питания,8959.65,KZT
43,Нуртас,Депозит Накопительный,Зарплатный клиент,Астана,2025-08-04 12:30:59,Едим дома,6082.95,KZT
43,Нуртас,Депозит Накопительный,Зарплатный клиент,Астана,2025-08-04 18:50:05,Такси,3548.0,KZT
43,Нуртас,Депозит Накопительный,Зарплатный клиент,Астана,2025-08-04 21:20:10,Едим дома,3929.15,KZT
43,Нуртас,Депозит Накопительный,Зарплатный клиент,Астана,2025-08-05 11:00:27,Кафе и рестораны,2480.02,KZT
43,Нуртас,Депозит Накопительный,Зарплатный клиент,Астана,2025-08-05 13:20:05,Кафе и рестораны,8310.57,KZT
43,Нуртас,Депозит Накопительный,Зарплатный клиент,Астана,2025-08-05 16:40:44,Едим дома,2993.48,KZT
43,Нуртас,Депозит Накопительный,Зарплатный клиент,Астана,2025-08-05 18:30:59,Смотрим дома,2635.82,KZT
43,Нуртас,Депозит Накопительный,Зарплатный клиент,Астана,2025-08-05 19:00:23,Кафе и рестораны,10101.98,KZT
43,Нуртас,Депозит Накопительный,Зарплатный клиент,Астана,2025-08-06 09:30:48,Смотрим дома,4265.16,KZT
43,Нуртас,Депозит Накопительный,Зарплатный клиент,Астана,2025-08-06 10:10:40,Играем дома,6115.87,KZT
43,Нуртас,Депозит Накопительный,Зарплатный клиент,Астана,2025-08-06 14:30:52,Смотрим дома,5512.36,KZT
43,Нуртас,Депозит Накопительный,Зарплатный клиент,Астана,2025-08-06 16:30:25,Такси,7668.09,KZT
43,Нуртас,Депозит Накопительный,Зарплатный клиент,Астана,2025-08-06 19:00:37,Кафе и рестораны,8203.33,KZT
43,Нуртас,Депозит Накопительный,Зарплатный клиент,Астана,2025-08-07 12:10:51,Продукты питания,11186.95,KZT
43,Нуртас,Депозит Накопительный,Зарплатный клиент,Астана,2025-08-08 08:30:08,Кино,3889.25,KZT
43,Нуртас,Депозит Накопительный,Зарплатный клиент,Астана,2025-08-08 12:40:00,Такси,6842.23,KZT
43,Нуртас,Депозит Накопительный,Зарплатный клиент,Астана,2025-08-08 16:50:53,Смотрим дома,4441.32,KZT
43,Нуртас,Депозит Накопительный,Зарплатный клиент,Астана,2025-08-08 19:00:39,Кафе и рестораны,8524.71,KZT
43,Нуртас,Депозит Накопительный,Зарплатный клиент,Астана,2025-08-09 11:50:17,Кафе и рестораны,3223.52,KZT
43,Нуртас,Депозит Накопительный,Зарплатный клиент,Астана,2025-08-09 12:10:08,Продукты питания,15468.28,KZT
43,Нуртас,Депозит Накопительный,Зарплатный клиент,Астана,2025-08-11 17:10:50,Смотрим дома,2714.72,KZT
43,Нуртас,Депозит Накопительный,Зарплатный клиент,Астана,2025-08-11 19:00:44,Кафе и рестораны,4073.95,KZT
43,Нуртас,Депозит Накопительный,Зарплатный клиент,Астана,2025-08-12 08:00:23,Кафе и рестораны,4839.14,KZT
43,Нуртас,Депозит Накопительный,Зарплатный клиент,Астана,2025-08-12 08:30:39,Едим дома,6108.83,KZT
43,Нуртас,Депозит Накопительный,Зарплатный клиент,Астана,2025-08-12 12:10:14,Продукты питания,12648.53,KZT
43,Нуртас,Депозит Накопительный,Зарплатный клиент,Астана,2025-08-12 19:00:15,Кафе и рестораны,3925.29,KZT
43,Нуртас,Депозит Накопительный,Зарплатный клиент,Астана,2025-08-12 20:50:35,Такси,4317.47,KZT
43,Нуртас,Депозит Накопительный,Зарплатный клиент,Астана,2025-08-12 21:40:34,Играем дома,6422.57,KZT
43,Нуртас,Депозит Накопительный,Зарплатный клиент,Астана,2025-08-13 09:00:16,Кино,5554.13,KZT
43,Нуртас,Депозит Накопительный,Зарплатный клиент,Астана,2025-08-13 12:10:35,Продукты питания,21009.86,KZT
43,Нуртас,Депозит Накопительный,Зарплатный клиент,Астана,2025-08-13 14:20:26,Такси,5498.93,KZT
43,Нуртас,Депозит Накопительный,Зарплатный клиент,Астана,2025-08-13 18:40:16,Смотрим дома,8099.46,KZT
43,Нуртас,Депозит Накопительный,Зарплатный клиент,Астана,2025-08-14 09:30:12,Играем дома,3335.83,KZT
43,Нуртас,Депозит Накопительный,Зарплатный клиент,Астана,2025-08-14 12:10:03,Продукты питания,9921.26,KZT
43,Нуртас,Депозит Накопительный,Зарплатный клиент,Астана,2025-08-14 14:00:28,Кафе и рестораны,4918.49,KZT
43,Нуртас,Депозит Накопительный,Зарплатный клиент,Астана,2025-08-14 18:30:38,АЗС,22468.24,KZT
43,Нуртас,Депозит Накопительный,Зарплатный клиент,Астана,2025-08-14 19:00:05,Кафе и рестораны,7810.17,KZT
43,Нуртас,Депозит Накопительный,Зарплатный клиент,Астана,2025-08-15 11:20:09,Смотрим дома,3566.23,KZT
43,Нуртас,Депозит Накопительный,Зарплатный клиент,Астана,2025-08-15 12:10:39,Продукты питания,15853.07,KZT
43,Нуртас,Депозит Накопительный,Зарплатный клиент,Астана,2025-08-15 16:40:58,Кино,3516.72,KZT
43,Нуртас,Депозит Накопительный,Зарплатный клиент,Астана,2025-08-15 19:00:58,Кафе и рестораны,9447.99,KZT
43,Нуртас,Депозит Накопительный,Зарплатный клиент,Астана,2025-08-16 12:10:55,Продукты питания,21211.16,KZT
43,Нуртас,Депозит Накопительный,Зарплатный клиент,Астана,2025-08-16 13:00:20,Кафе и рестораны,5135.48,KZT
43,Нуртас,Депозит Накопительный,Зарплатный клиент,Астана,2025-08-16 13:00:49,Такси,5667.89,KZT
43,Нуртас,Депозит Накопительный,Зарплатный клиент,Астана,2025-08-16 13:10:20,Едим дома,4262.16,KZT
43,Нуртас,Депозит Накопительный,Зарплатный клиент,Астана,2025-08-16 16:40:22,Кино,3336.64,KZT
43,Нуртас,Депозит Накопительный,Зарплатный клиент,Астана,2025-08-16 19:00:39,Кафе и рестораны,13915.69,KZT
43,Нуртас,Депозит Накопительный,Зарплатный клиент,Астана,2025-08-16 19:50:51,Смотрим дома,4883.76,KZT
43,Нуртас,Депозит Накопительный,Зарплатный клиент,Астана,2025-08-18 09:15:42,Такси,3314.8,KZT
43,Нуртас,Депозит Накопительный,Зарплатный клиент,Астана,2025-08-18 10:40:06,Кафе и рестораны,6046.42,KZT
43,Нуртас,Депозит Накопительный,Зарплатный клиент,Астана,2025-08-18 11:30:22,Кино,6477.49,KZT
43,Нуртас,Депозит Накопительный,Зарплатный клиент,Астана,2025-08-18 11:50:54,Кино,4443.74,KZT
43,Нуртас,Депозит Накопительный,Зарплатный клиент,Астана,2025-08-18 12:10:13,Продукты питания,15347.94,KZT
43,Нуртас,Депозит Накопительный,Зарплатный клиент,Астана,2025-08-18 17:50:16,Кино,5498.11,KZT
43,Нуртас,Депозит Накопительный,Зарплатный клиент,Астана,2025-08-20 09:00:43,Смотрим дома,3844.64,KZT
43,Нуртас,Депозит Накопительный,Зарплатный клиент,Астана,2025-08-20 10:50:14,Играем дома,4540.6,KZT
43,Нуртас,Депозит Накопительный,Зарплатный клиент,Астана,2025-08-20 12:10:58,Продукты питания,14444.82,KZT
43,Нуртас,Депозит Накопительный,Зарплатный клиент,Астана,2025-08-20 21:20:04,Кино,9949.39,KZT
43,Нуртас,Депозит Накопительный,Зарплатный клиент,Астана,2025-08-21 09:10:51,Смотрим дома,6418.93,KZT
43,Нуртас,Депозит Накопительный,Зарплатный клиент,Астана,2025-08-21 09:15:01,Такси,6517.22,KZT
43,Нуртас,Депозит Накопительный,Зарплатный клиент,Астана,2025-08-21 18:30:25,АЗС,21845.09,KZT
43,Нуртас,Депозит Накопительный,Зарплатный клиент,Астана,2025-08-21 19:00:48,Кафе и рестораны,16120.27,KZT
43,Нуртас,Депозит Накопительный,Зарплатный клиент,Астана,2025-08-21 20:10:10,Едим дома,6269.63,KZT
43,Нуртас,Депозит Накопительный,Зарплатный клиент,Астана,2025-08-22 12:10:46,Продукты питания,19899.51,KZT
43,Нуртас,Депозит Накопительный,Зарплатный клиент,Астана,2025-08-22 13:50:53,Играем дома,4804.97,KZT
43,Нуртас,Депозит Накопительный,Зарплатный клиент,Астана,2025-08-22 15:00:21,Едим дома,6170.94,KZT
43,Нуртас,Депозит Накопительный,Зарплатный клиент,Астана,2025-08-22 17:40:00,Кафе и рестораны,5792.98,KZT
43,Нуртас,Депозит Накопительный,Зарплатный клиент,Астана,2025-08-23 19:00:21,Кафе и рестораны,4011.36,KZT
43,Нуртас,Депозит Накопительный,Зарплатный клиент,Астана,2025-08-23 19:30:57,Едим дома,7275.11,KZT
43,Нуртас,Депозит Накопительный,Зарплатный клиент,Астана,2025-08-24 12:10:10,Продукты питания,16385.29,KZT
43,Нуртас,Депозит Накопительный,Зарплатный клиент,Астана,2025-08-24 14:40:07,Едим дома,4611.77,KZT
43,Нуртас,Депозит Накопительный,Зарплатный клиент,Астана,2025-08-24 16:20:24,Кафе и рестораны,4667.38,KZT
43,Нуртас,Депозит Накопительный,Зарплатный клиент,Астана,2025-08-24 19:00:50,Кафе и рестораны,6401.14,KZT
43,Нуртас,Депозит Накопительный,Зарплатный клиент,Астана,2025-08-27 12:10:28,Продукты питания,24417.05,KZT
43,Нуртас,Депозит Накопительный,Зарплатный клиент,Астана,2025-08-27 17:20:53,Такси,2958.52,KZT
43,Нуртас,Депозит Накопительный,Зарплатный клиент,Астана,2025-08-27 20:30:51,Смотрим дома,4273.84,KZT
43,Нуртас,Депозит Накопительный,Зарплатный клиент,Астана,2025-08-27 21:20:01,Кино,3999.21,KZT
43,Нуртас,Депозит Накопительный,Зарплатный клиент,Астана,2025-08-28 11:20:26,Смотрим дома,2199.65,KZT
43,Нуртас,Депозит Накопительный,Зарплатный клиент,Астана,2025-08-28 12:10:37,Продукты питания,7822.37,KZT
43,Нуртас,Депозит Накопительный,Зарплатный клиент,Астана,2025-08-28 13:40:42,Едим дома,6586.81,KZT
43,Нуртас,Депозит Накопительный,Зарплатный клиент,Астана,2025-08-28 16:00:46,Кино,5503.52,KZT
43,Нуртас,Депозит Накопительный,Зарплатный клиент,Астана,2025-08-28 16:40:47,Играем дома,5923.14,KZT
43,Нуртас,Депозит Накопительный,Зарплатный клиент,Астана,2025-08-28 19:10:31,Смотрим дома,5376.71,KZT
43,Нуртас,Депозит Накопительный,Зарплатный клиент,Астана,2025-08-29 08:30:07,Смотрим дома,6181.04,KZT
43,Нуртас,Депозит Накопительный,Зарплатный клиент,Астана,2025-08-29 10:10:00,Кино,5224.21,KZT
43,Нуртас,Депозит Накопительный,Зарплатный клиент,Астана,2025-08-29 17:50:44,Кафе и рестораны,4856.36,KZT
43,Нуртас,Депозит Накопительный,Зарплатный клиент,Астана,2025-08-29 19:00:12,Кафе и рестораны,8229.17,KZT
43,Нуртас,Депозит Накопительный,Зарплатный клиент,Астана,2025-08-31 12:10:31,Продукты питания,14294.3,KZT
43,Нуртас,Депозит Накопительный,Зарплатный клиент,Астана,2025-08-31 16:20:02,Едим дома,5279.9,KZT
43,Нуртас,Депозит Накопительный,Зарплатный клиент,Астана,2025-08-31 19:20:39,Такси,4035.48,KZT
43,Нуртас,Депозит Накопительный,Зарплатный клиент,Астана,2025-08-31 20:00:32,Кино,5592.41,KZT
