﻿client_code,name,product,status,city,date,type,direction,amount,currency
48,Ержан,Депозит Накопительный,Стандартный клиент,Павлодар,2025-06-01 09:03:31,card_out,out,11209.22,KZT
48,Ержан,Депозит Накопительный,Стандартный клиент,Павлодар,2025-06-01 10:58:36,card_out,out,34047.0,KZT
48,Ержан,Депозит Накопительный,Стандартный клиент,Павлодар,2025-06-02 10:52:43,card_out,out,27137.31,KZT
48,Ержан,Депозит Накопительный,Стандартный клиент,Павлодар,2025-06-02 11:29:48,card_out,out,9911.28,KZT
48,Ержан,Депозит Накопительный,Стандартный клиент,Павлодар,2025-06-02 14:22:23,p2p_out,out,25751.55,KZT
48,Ержан,Депозит Накопительный,Стандартный клиент,Павлодар,2025-06-02 15:45:25,card_out,out,14865.8,KZT
48,Ержан,Депозит Накопительный,Стандартный клиент,Павлодар,2025-06-02 16:35:51,card_out,out,15040.15,KZT
48,Ержан,Депозит Накопительный,Стандартный клиент,Павлодар,2025-06-02 17:03:17,p2p_out,out,20063.07,KZT
48,Ержан,Депозит Накопительный,Стандартный клиент,Павлодар,2025-06-03 15:58:58,salary_in,in,299968.34,KZT
48,Ержан,Депозит Накопительный,Стандартный клиент,Павлодар,2025-06-03 16:33:23,cashback_in,in,16625.91,KZT
48,Ержан,Депозит Накопительный,Стандартный клиент,Павлодар,2025-06-04 12:10:58,p2p_out,out,40731.29,KZT
48,Ержан,Депозит Накопительный,Стандартный клиент,Павлодар,2025-06-04 18:34:39,card_out,out,33372.65,KZT
48,Ержан,Депозит Накопительный,Стандартный клиент,Павлодар,2025-06-05 12:46:04,card_out,out,28642.33,KZT
48,Ержан,Депозит Накопительный,Стандартный клиент,Павлодар,2025-06-05 21:07:03,deposit_topup_out,out,37403.83,KZT
48,Ержан,Депозит Накопительный,Стандартный клиент,Павлодар,2025-06-05 21:46:22,p2p_out,out,14505.47,KZT
48,Ержан,Депозит Накопительный,Стандартный клиент,Павлодар,2025-06-06 11:33:01,card_out,out,12928.71,KZT
48,Ержан,Депозит Накопительный,Стандартный клиент,Павлодар,2025-06-06 12:36:08,card_out,out,8987.53,KZT
48,Ержан,Депозит Накопительный,Стандартный клиент,Павлодар,2025-06-06 13:22:49,p2p_out,out,4880.72,KZT
48,Ержан,Депозит Накопительный,Стандартный клиент,Павлодар,2025-06-06 14:42:17,card_out,out,43947.7,KZT
48,Ержан,Депозит Накопительный,Стандартный клиент,Павлодар,2025-06-06 21:38:50,card_out,out,66962.57,KZT
48,Ержан,Депозит Накопительный,Стандартный клиент,Павлодар,2025-06-07 14:14:16,cashback_in,in,5530.97,KZT
48,Ержан,Депозит Накопительный,Стандартный клиент,Павлодар,2025-06-07 14:32:07,deposit_topup_out,out,75103.82,KZT
48,Ержан,Депозит Накопительный,Стандартный клиент,Павлодар,2025-06-07 16:43:12,card_out,out,52698.31,KZT
48,Ержан,Депозит Накопительный,Стандартный клиент,Павлодар,2025-06-07 18:51:42,card_out,out,9383.51,KZT
48,Ержан,Депозит Накопительный,Стандартный клиент,Павлодар,2025-06-07 20:59:43,card_out,out,14304.86,KZT
48,Ержан,Депозит Накопительный,Стандартный клиент,Павлодар,2025-06-08 16:02:54,card_out,out,8224.42,KZT
48,Ержан,Депозит Накопительный,Стандартный клиент,Павлодар,2025-06-08 16:18:35,card_out,out,24972.91,KZT
48,Ержан,Депозит Накопительный,Стандартный клиент,Павлодар,2025-06-08 16:31:37,card_out,out,21109.0,KZT
48,Ержан,Депозит Накопительный,Стандартный клиент,Павлодар,2025-06-09 12:12:52,p2p_out,out,39467.4,KZT
48,Ержан,Депозит Накопительный,Стандартный клиент,Павлодар,2025-06-09 12:26:19,card_out,out,24633.41,KZT
48,Ержан,Депозит Накопительный,Стандартный клиент,Павлодар,2025-06-10 13:14:57,card_out,out,25624.44,KZT
48,Ержан,Депозит Накопительный,Стандартный клиент,Павлодар,2025-06-10 13:59:03,deposit_topup_out,out,81192.03,KZT
48,Ержан,Депозит Накопительный,Стандартный клиент,Павлодар,2025-06-10 20:12:56,card_in,in,7099.34,KZT
48,Ержан,Депозит Накопительный,Стандартный клиент,Павлодар,2025-06-11 18:38:27,card_out,out,36512.71,KZT
48,Ержан,Депозит Накопительный,Стандартный клиент,Павлодар,2025-06-12 09:36:47,card_out,out,24150.03,KZT
48,Ержан,Депозит Накопительный,Стандартный клиент,Павлодар,2025-06-12 10:36:38,loan_payment_out,out,91022.7,KZT
48,Ержан,Депозит Накопительный,Стандартный клиент,Павлодар,2025-06-12 12:29:26,p2p_out,out,25378.92,KZT
48,Ержан,Депозит Накопительный,Стандартный клиент,Павлодар,2025-06-12 12:34:51,utilities_out,out,21937.4,KZT
48,Ержан,Депозит Накопительный,Стандартный клиент,Павлодар,2025-06-12 13:25:09,card_out,out,33174.74,KZT
48,Ержан,Депозит Накопительный,Стандартный клиент,Павлодар,2025-06-12 14:06:04,p2p_out,out,31342.44,KZT
48,Ержан,Депозит Накопительный,Стандартный клиент,Павлодар,2025-06-12 19:55:13,card_out,out,19258.07,KZT
48,Ержан,Депозит Накопительный,Стандартный клиент,Павлодар,2025-06-13 08:34:18,card_out,out,24766.12,KZT
48,Ержан,Депозит Накопительный,Стандартный клиент,Павлодар,2025-06-13 13:05:33,card_out,out,34720.08,KZT
48,Ержан,Депозит Накопительный,Стандартный клиент,Павлодар,2025-06-13 15:42:17,cashback_in,in,8804.43,KZT
48,Ержан,Депозит Накопительный,Стандартный клиент,Павлодар,2025-06-13 20:32:38,atm_withdrawal,out,61482.14,KZT
48,Ержан,Депозит Накопительный,Стандартный клиент,Павлодар,2025-06-14 15:21:02,p2p_out,out,14159.48,KZT
48,Ержан,Депозит Накопительный,Стандартный клиент,Павлодар,2025-06-14 19:50:20,card_out,out,19836.19,KZT
48,Ержан,Депозит Накопительный,Стандартный клиент,Павлодар,2025-06-15 13:54:36,card_out,out,31771.46,KZT
48,Ержан,Депозит Накопительный,Стандартный клиент,Павлодар,2025-06-15 18:10:57,card_out,out,17328.44,KZT
48,Ержан,Депозит Накопительный,Стандартный клиент,Павлодар,2025-06-15 19:29:37,card_out,out,25251.62,KZT
48,Ержан,Депозит Накопительный,Стандартный клиент,Павлодар,2025-06-16 09:29:58,card_out,out,6638.68,KZT
48,Ержан,Депозит Накопительный,Стандартный клиент,Павлодар,2025-06-17 08:23:13,card_out,out,19577.94,KZT
48,Ержан,Депозит Накопительный,Стандартный клиент,Павлодар,2025-06-17 09:17:37,p2p_out,out,34163.71,KZT
48,Ержан,Депозит Накопительный,Стандартный клиент,Павлодар,2025-06-17 11:13:01,deposit_topup_out,out,66875.25,KZT
48,Ержан,Депозит Накопительный,Стандартный клиент,Павлодар,2025-06-17 11:16:30,refund_in,in,16756.18,KZT
48,Ержан,Депозит Накопительный,Стандартный клиент,Павлодар,2025-06-17 13:36:04,p2p_out,out,17400.41,KZT
48,Ержан,Депозит Накопительный,Стандартный клиент,Павлодар,2025-06-17 14:38:36,utilities_out,out,40846.43,KZT
48,Ержан,Депозит Накопительный,Стандартный клиент,Павлодар,2025-06-17 17:30:13,card_in,in,8766.95,KZT
48,Ержан,Депозит Накопительный,Стандартный клиент,Павлодар,2025-06-18 08:34:55,card_out,out,28195.21,KZT
48,Ержан,Депозит Накопительный,Стандартный клиент,Павлодар,2025-06-18 11:02:18,deposit_topup_out,out,49686.76,KZT
48,Ержан,Депозит Накопительный,Стандартный клиент,Павлодар,2025-06-18 12:18:14,card_out,out,13085.35,KZT
48,Ержан,Депозит Накопительный,Стандартный клиент,Павлодар,2025-06-18 16:24:48,card_out,out,37660.19,KZT
48,Ержан,Депозит Накопительный,Стандартный клиент,Павлодар,2025-06-18 19:19:07,card_out,out,19122.42,KZT
48,Ержан,Депозит Накопительный,Стандартный клиент,Павлодар,2025-06-18 20:46:13,p2p_out,out,16644.53,KZT
48,Ержан,Депозит Накопительный,Стандартный клиент,Павлодар,2025-06-19 08:54:30,p2p_out,out,22061.47,KZT
48,Ержан,Депозит Накопительный,Стандартный клиент,Павлодар,2025-06-19 20:12:29,card_out,out,17678.91,KZT
48,Ержан,Депозит Накопительный,Стандартный клиент,Павлодар,2025-06-20 12:02:06,atm_withdrawal,out,46342.82,KZT
48,Ержан,Депозит Накопительный,Стандартный клиент,Павлодар,2025-06-20 14:18:26,utilities_out,out,30709.16,KZT
48,Ержан,Депозит Накопительный,Стандартный клиент,Павлодар,2025-06-20 18:16:20,card_out,out,40776.48,KZT
48,Ержан,Депозит Накопительный,Стандартный клиент,Павлодар,2025-06-20 20:23:23,atm_withdrawal,out,48309.02,KZT
48,Ержан,Депозит Накопительный,Стандартный клиент,Павлодар,2025-06-21 14:00:12,p2p_out,out,10267.89,KZT
48,Ержан,Депозит Накопительный,Стандартный клиент,Павлодар,2025-06-21 16:54:27,card_out,out,15428.99,KZT
48,Ержан,Депозит Накопительный,Стандартный клиент,Павлодар,2025-06-21 17:40:41,card_in,in,11141.03,KZT
48,Ержан,Депозит Накопительный,Стандартный клиент,Павлодар,2025-06-21 18:28:16,card_in,in,5554.61,KZT
48,Ержан,Депозит Накопительный,Стандартный клиент,Павлодар,2025-06-22 13:41:22,card_out,out,16654.83,KZT
48,Ержан,Депозит Накопительный,Стандартный клиент,Павлодар,2025-06-22 17:08:11,card_out,out,22910.2,KZT
48,Ержан,Депозит Накопительный,Стандартный клиент,Павлодар,2025-06-22 21:16:53,utilities_out,out,23545.63,KZT
48,Ержан,Депозит Накопительный,Стандартный клиент,Павлодар,2025-06-23 08:50:47,p2p_out,out,11937.33,KZT
48,Ержан,Депозит Накопительный,Стандартный клиент,Павлодар,2025-06-23 18:43:52,card_in,in,13224.02,KZT
48,Ержан,Депозит Накопительный,Стандартный клиент,Павлодар,2025-06-23 19:34:02,p2p_out,out,15172.93,KZT
48,Ержан,Депозит Накопительный,Стандартный клиент,Павлодар,2025-06-24 10:13:07,card_out,out,21190.67,KZT
48,Ержан,Депозит Накопительный,Стандартный клиент,Павлодар,2025-06-24 13:41:22,p2p_out,out,27753.38,KZT
48,Ержан,Депозит Накопительный,Стандартный клиент,Павлодар,2025-06-24 18:54:18,p2p_out,out,30215.33,KZT
48,Ержан,Депозит Накопительный,Стандартный клиент,Павлодар,2025-06-24 20:42:12,card_out,out,17459.73,KZT
48,Ержан,Депозит Накопительный,Стандартный клиент,Павлодар,2025-06-25 10:06:16,atm_withdrawal,out,53011.92,KZT
48,Ержан,Депозит Накопительный,Стандартный клиент,Павлодар,2025-06-25 14:38:51,card_out,out,49164.11,KZT
48,Ержан,Депозит Накопительный,Стандартный клиент,Павлодар,2025-06-26 12:11:07,atm_withdrawal,out,29049.04,KZT
48,Ержан,Депозит Накопительный,Стандартный клиент,Павлодар,2025-06-26 15:24:32,utilities_out,out,800.0,KZT
48,Ержан,Депозит Накопительный,Стандартный клиент,Павлодар,2025-06-26 16:55:23,card_out,out,9435.57,KZT
48,Ержан,Депозит Накопительный,Стандартный клиент,Павлодар,2025-06-26 18:27:25,card_out,out,13065.76,KZT
48,Ержан,Депозит Накопительный,Стандартный клиент,Павлодар,2025-06-27 08:45:41,deposit_topup_out,out,126476.9,KZT
48,Ержан,Депозит Накопительный,Стандартный клиент,Павлодар,2025-06-27 15:11:36,atm_withdrawal,out,46352.6,KZT
48,Ержан,Депозит Накопительный,Стандартный клиент,Павлодар,2025-06-27 18:36:09,p2p_out,out,15939.2,KZT
48,Ержан,Депозит Накопительный,Стандартный клиент,Павлодар,2025-06-28 14:41:41,p2p_out,out,3988.53,KZT
48,Ержан,Депозит Накопительный,Стандартный клиент,Павлодар,2025-06-29 13:11:30,refund_in,in,8999.35,KZT
48,Ержан,Депозит Накопительный,Стандартный клиент,Павлодар,2025-06-30 08:31:45,card_out,out,12031.32,KZT
48,Ержан,Депозит Накопительный,Стандартный клиент,Павлодар,2025-06-30 10:39:46,card_out,out,24707.47,KZT
48,Ержан,Депозит Накопительный,Стандартный клиент,Павлодар,2025-06-30 16:28:59,card_out,out,29810.8,KZT
48,Ержан,Депозит Накопительный,Стандартный клиент,Павлодар,2025-06-30 18:38:24,loan_payment_out,out,66788.61,KZT
48,Ержан,Депозит Накопительный,Стандартный клиент,Павлодар,2025-06-30 20:49:02,loan_payment_out,out,70255.9,KZT
48,Ержан,Депозит Накопительный,Стандартный клиент,Павлодар,2025-07-01 17:19:14,card_out,out,17407.17,KZT
48,Ержан,Депозит Накопительный,Стандартный клиент,Павлодар,2025-07-01 20:02:29,card_in,in,10680.83,KZT
48,Ержан,Депозит Накопительный,Стандартный клиент,Павлодар,2025-07-02 10:57:57,deposit_topup_out,out,117644.87,KZT
48,Ержан,Депозит Накопительный,Стандартный клиент,Павлодар,2025-07-02 12:50:29,cashback_in,in,5647.8,KZT
48,Ержан,Депозит Накопительный,Стандартный клиент,Павлодар,2025-07-02 13:23:10,card_out,out,18257.34,KZT
48,Ержан,Депозит Накопительный,Стандартный клиент,Павлодар,2025-07-03 14:13:25,card_out,out,23892.61,KZT
48,Ержан,Депозит Накопительный,Стандартный клиент,Павлодар,2025-07-03 14:29:37,p2p_out,out,21543.4,KZT
48,Ержан,Депозит Накопительный,Стандартный клиент,Павлодар,2025-07-03 14:46:41,p2p_out,out,9620.23,KZT
48,Ержан,Депозит Накопительный,Стандартный клиент,Павлодар,2025-07-03 15:36:35,card_out,out,14398.07,KZT
48,Ержан,Депозит Накопительный,Стандартный клиент,Павлодар,2025-07-03 15:51:32,p2p_out,out,20280.15,KZT
48,Ержан,Депозит Накопительный,Стандартный клиент,Павлодар,2025-07-03 16:32:58,utilities_out,out,32836.39,KZT
48,Ержан,Депозит Накопительный,Стандартный клиент,Павлодар,2025-07-03 19:14:08,deposit_topup_out,out,35054.63,KZT
48,Ержан,Депозит Накопительный,Стандартный клиент,Павлодар,2025-07-04 12:50:54,card_out,out,106016.65,KZT
48,Ержан,Депозит Накопительный,Стандартный клиент,Павлодар,2025-07-04 13:22:44,card_out,out,13927.66,KZT
48,Ержан,Депозит Накопительный,Стандартный клиент,Павлодар,2025-07-04 20:49:22,deposit_topup_out,out,207633.8,KZT
48,Ержан,Депозит Накопительный,Стандартный клиент,Павлодар,2025-07-05 08:50:03,p2p_out,out,22504.24,KZT
48,Ержан,Депозит Накопительный,Стандартный клиент,Павлодар,2025-07-05 09:19:53,p2p_out,out,35573.24,KZT
48,Ержан,Депозит Накопительный,Стандартный клиент,Павлодар,2025-07-05 10:45:17,card_out,out,3023.3,KZT
48,Ержан,Депозит Накопительный,Стандартный клиент,Павлодар,2025-07-05 13:56:25,card_out,out,13070.91,KZT
48,Ержан,Депозит Накопительный,Стандартный клиент,Павлодар,2025-07-05 17:43:56,card_out,out,8510.59,KZT
48,Ержан,Депозит Накопительный,Стандартный клиент,Павлодар,2025-07-06 11:37:01,card_out,out,17577.31,KZT
48,Ержан,Депозит Накопительный,Стандартный клиент,Павлодар,2025-07-07 10:48:30,card_in,in,15986.47,KZT
48,Ержан,Депозит Накопительный,Стандартный клиент,Павлодар,2025-07-07 17:54:36,card_out,out,49145.17,KZT
48,Ержан,Депозит Накопительный,Стандартный клиент,Павлодар,2025-07-07 20:01:36,card_out,out,11798.73,KZT
48,Ержан,Депозит Накопительный,Стандартный клиент,Павлодар,2025-07-08 17:16:53,refund_in,in,6077.27,KZT
48,Ержан,Депозит Накопительный,Стандартный клиент,Павлодар,2025-07-09 09:35:42,card_in,in,11755.15,KZT
48,Ержан,Депозит Накопительный,Стандартный клиент,Павлодар,2025-07-09 15:44:52,utilities_out,out,38085.88,KZT
48,Ержан,Депозит Накопительный,Стандартный клиент,Павлодар,2025-07-09 18:52:45,p2p_out,out,38033.75,KZT
48,Ержан,Депозит Накопительный,Стандартный клиент,Павлодар,2025-07-10 12:19:02,atm_withdrawal,out,55234.25,KZT
48,Ержан,Депозит Накопительный,Стандартный клиент,Павлодар,2025-07-10 15:16:19,card_out,out,18319.82,KZT
48,Ержан,Депозит Накопительный,Стандартный клиент,Павлодар,2025-07-11 11:57:20,p2p_out,out,14900.41,KZT
48,Ержан,Депозит Накопительный,Стандартный клиент,Павлодар,2025-07-11 15:54:59,loan_payment_out,out,36967.98,KZT
48,Ержан,Депозит Накопительный,Стандартный клиент,Павлодар,2025-07-11 18:53:14,deposit_topup_out,out,40506.12,KZT
48,Ержан,Депозит Накопительный,Стандартный клиент,Павлодар,2025-07-12 08:34:21,refund_in,in,10206.15,KZT
48,Ержан,Депозит Накопительный,Стандартный клиент,Павлодар,2025-07-12 12:03:09,card_out,out,33130.52,KZT
48,Ержан,Депозит Накопительный,Стандартный клиент,Павлодар,2025-07-13 09:22:12,card_out,out,36770.55,KZT
48,Ержан,Депозит Накопительный,Стандартный клиент,Павлодар,2025-07-13 09:23:21,card_out,out,13763.71,KZT
48,Ержан,Депозит Накопительный,Стандартный клиент,Павлодар,2025-07-13 10:41:36,loan_payment_out,out,56293.57,KZT
48,Ержан,Депозит Накопительный,Стандартный клиент,Павлодар,2025-07-13 11:19:15,p2p_out,out,55343.73,KZT
48,Ержан,Депозит Накопительный,Стандартный клиент,Павлодар,2025-07-13 15:28:20,card_out,out,36496.2,KZT
48,Ержан,Депозит Накопительный,Стандартный клиент,Павлодар,2025-07-13 16:11:14,p2p_out,out,12827.39,KZT
48,Ержан,Депозит Накопительный,Стандартный клиент,Павлодар,2025-07-14 12:33:26,card_out,out,13058.36,KZT
48,Ержан,Депозит Накопительный,Стандартный клиент,Павлодар,2025-07-14 20:46:28,cashback_in,in,5436.87,KZT
48,Ержан,Депозит Накопительный,Стандартный клиент,Павлодар,2025-07-15 08:13:49,p2p_out,out,10395.36,KZT
48,Ержан,Депозит Накопительный,Стандартный клиент,Павлодар,2025-07-15 11:00:40,card_out,out,9109.69,KZT
48,Ержан,Депозит Накопительный,Стандартный клиент,Павлодар,2025-07-15 15:16:14,card_out,out,27335.93,KZT
48,Ержан,Депозит Накопительный,Стандартный клиент,Павлодар,2025-07-15 17:04:15,salary_in,in,462851.48,KZT
48,Ержан,Депозит Накопительный,Стандартный клиент,Павлодар,2025-07-15 18:21:38,p2p_out,out,19572.1,KZT
48,Ержан,Депозит Накопительный,Стандартный клиент,Павлодар,2025-07-16 11:40:09,card_out,out,31369.75,KZT
48,Ержан,Депозит Накопительный,Стандартный клиент,Павлодар,2025-07-16 17:30:39,atm_withdrawal,out,78131.62,KZT
48,Ержан,Депозит Накопительный,Стандартный клиент,Павлодар,2025-07-16 21:39:36,utilities_out,out,29527.0,KZT
48,Ержан,Депозит Накопительный,Стандартный клиент,Павлодар,2025-07-17 09:18:57,loan_payment_out,out,61658.07,KZT
48,Ержан,Депозит Накопительный,Стандартный клиент,Павлодар,2025-07-17 12:19:31,atm_withdrawal,out,70310.49,KZT
48,Ержан,Депозит Накопительный,Стандартный клиент,Павлодар,2025-07-17 14:50:49,card_out,out,44159.43,KZT
48,Ержан,Депозит Накопительный,Стандартный клиент,Павлодар,2025-07-18 10:28:47,card_out,out,53571.05,KZT
48,Ержан,Депозит Накопительный,Стандартный клиент,Павлодар,2025-07-18 13:31:09,card_out,out,20344.13,KZT
48,Ержан,Депозит Накопительный,Стандартный клиент,Павлодар,2025-07-19 10:31:53,card_out,out,47142.47,KZT
48,Ержан,Депозит Накопительный,Стандартный клиент,Павлодар,2025-07-19 13:47:48,card_out,out,8788.44,KZT
48,Ержан,Депозит Накопительный,Стандартный клиент,Павлодар,2025-07-20 10:17:06,p2p_out,out,5996.11,KZT
48,Ержан,Депозит Накопительный,Стандартный клиент,Павлодар,2025-07-20 12:13:22,p2p_out,out,9585.52,KZT
48,Ержан,Депозит Накопительный,Стандартный клиент,Павлодар,2025-07-20 14:17:36,utilities_out,out,34949.76,KZT
48,Ержан,Депозит Накопительный,Стандартный клиент,Павлодар,2025-07-21 12:33:04,card_out,out,17150.57,KZT
48,Ержан,Депозит Накопительный,Стандартный клиент,Павлодар,2025-07-21 15:48:37,p2p_out,out,24975.25,KZT
48,Ержан,Депозит Накопительный,Стандартный клиент,Павлодар,2025-07-21 16:00:44,card_out,out,25445.19,KZT
48,Ержан,Депозит Накопительный,Стандартный клиент,Павлодар,2025-07-21 16:24:25,card_out,out,16869.8,KZT
48,Ержан,Депозит Накопительный,Стандартный клиент,Павлодар,2025-07-22 09:54:08,card_out,out,9382.26,KZT
48,Ержан,Депозит Накопительный,Стандартный клиент,Павлодар,2025-07-23 16:36:14,card_out,out,33471.35,KZT
48,Ержан,Депозит Накопительный,Стандартный клиент,Павлодар,2025-07-23 16:39:24,card_in,in,22319.28,KZT
48,Ержан,Депозит Накопительный,Стандартный клиент,Павлодар,2025-07-23 17:48:21,card_out,out,12557.61,KZT
48,Ержан,Депозит Накопительный,Стандартный клиент,Павлодар,2025-07-23 19:51:03,card_out,out,6465.37,KZT
48,Ержан,Депозит Накопительный,Стандартный клиент,Павлодар,2025-07-23 21:45:16,card_out,out,15535.66,KZT
48,Ержан,Депозит Накопительный,Стандартный клиент,Павлодар,2025-07-24 17:23:46,p2p_out,out,20402.61,KZT
48,Ержан,Депозит Накопительный,Стандартный клиент,Павлодар,2025-07-24 18:35:48,utilities_out,out,16241.24,KZT
48,Ержан,Депозит Накопительный,Стандартный клиент,Павлодар,2025-07-24 18:46:35,cashback_in,in,8573.01,KZT
48,Ержан,Депозит Накопительный,Стандартный клиент,Павлодар,2025-07-24 19:05:21,p2p_out,out,12874.26,KZT
48,Ержан,Депозит Накопительный,Стандартный клиент,Павлодар,2025-07-24 21:46:14,card_out,out,17883.13,KZT
48,Ержан,Депозит Накопительный,Стандартный клиент,Павлодар,2025-07-25 16:24:57,card_out,out,15789.5,KZT
48,Ержан,Депозит Накопительный,Стандартный клиент,Павлодар,2025-07-25 18:20:10,atm_withdrawal,out,16820.57,KZT
48,Ержан,Депозит Накопительный,Стандартный клиент,Павлодар,2025-07-25 21:39:14,atm_withdrawal,out,35210.48,KZT
48,Ержан,Депозит Накопительный,Стандартный клиент,Павлодар,2025-07-26 08:40:14,card_out,out,19387.97,KZT
48,Ержан,Депозит Накопительный,Стандартный клиент,Павлодар,2025-07-27 16:28:44,card_out,out,10830.02,KZT
48,Ержан,Депозит Накопительный,Стандартный клиент,Павлодар,2025-07-27 18:59:07,deposit_topup_out,out,75427.19,KZT
48,Ержан,Депозит Накопительный,Стандартный клиент,Павлодар,2025-07-28 10:56:57,p2p_out,out,9476.01,KZT
48,Ержан,Депозит Накопительный,Стандартный клиент,Павлодар,2025-07-28 14:27:11,p2p_out,out,3638.3,KZT
48,Ержан,Депозит Накопительный,Стандартный клиент,Павлодар,2025-07-28 17:33:06,card_out,out,21099.37,KZT
48,Ержан,Депозит Накопительный,Стандартный клиент,Павлодар,2025-07-29 08:01:43,atm_withdrawal,out,32699.84,KZT
48,Ержан,Депозит Накопительный,Стандартный клиент,Павлодар,2025-07-29 08:19:00,card_out,out,27580.65,KZT
48,Ержан,Депозит Накопительный,Стандартный клиент,Павлодар,2025-07-29 10:17:44,deposit_topup_out,out,50524.65,KZT
48,Ержан,Депозит Накопительный,Стандартный клиент,Павлодар,2025-07-29 13:25:25,card_in,in,4438.15,KZT
48,Ержан,Депозит Накопительный,Стандартный клиент,Павлодар,2025-07-29 17:16:06,card_out,out,17503.62,KZT
48,Ержан,Депозит Накопительный,Стандартный клиент,Павлодар,2025-07-29 20:14:16,p2p_out,out,10784.9,KZT
48,Ержан,Депозит Накопительный,Стандартный клиент,Павлодар,2025-07-29 20:55:27,card_out,out,9283.54,KZT
48,Ержан,Депозит Накопительный,Стандартный клиент,Павлодар,2025-07-30 11:17:38,card_out,out,8902.54,KZT
48,Ержан,Депозит Накопительный,Стандартный клиент,Павлодар,2025-07-30 15:22:46,card_out,out,25965.49,KZT
48,Ержан,Депозит Накопительный,Стандартный клиент,Павлодар,2025-07-30 19:25:07,p2p_out,out,35187.47,KZT
48,Ержан,Депозит Накопительный,Стандартный клиент,Павлодар,2025-07-30 20:17:39,card_out,out,33576.33,KZT
48,Ержан,Депозит Накопительный,Стандартный клиент,Павлодар,2025-07-30 20:32:19,card_out,out,15596.71,KZT
48,Ержан,Депозит Накопительный,Стандартный клиент,Павлодар,2025-07-30 21:28:09,card_out,out,9801.56,KZT
48,Ержан,Депозит Накопительный,Стандартный клиент,Павлодар,2025-07-31 15:40:51,card_out,out,17386.2,KZT
48,Ержан,Депозит Накопительный,Стандартный клиент,Павлодар,2025-07-31 21:25:00,card_out,out,11725.93,KZT
48,Ержан,Депозит Накопительный,Стандартный клиент,Павлодар,2025-08-01 13:41:19,card_out,out,13347.57,KZT
48,Ержан,Депозит Накопительный,Стандартный клиент,Павлодар,2025-08-01 14:34:03,card_out,out,15786.59,KZT
48,Ержан,Депозит Накопительный,Стандартный клиент,Павлодар,2025-08-01 17:57:34,p2p_out,out,24344.84,KZT
48,Ержан,Депозит Накопительный,Стандартный клиент,Павлодар,2025-08-02 11:42:31,card_out,out,17404.35,KZT
48,Ержан,Депозит Накопительный,Стандартный клиент,Павлодар,2025-08-02 11:49:13,p2p_out,out,42755.81,KZT
48,Ержан,Депозит Накопительный,Стандартный клиент,Павлодар,2025-08-02 11:53:59,atm_withdrawal,out,88478.5,KZT
48,Ержан,Депозит Накопительный,Стандартный клиент,Павлодар,2025-08-02 16:54:21,card_out,out,11974.22,KZT
48,Ержан,Депозит Накопительный,Стандартный клиент,Павлодар,2025-08-02 20:15:34,card_out,out,38075.28,KZT
48,Ержан,Депозит Накопительный,Стандартный клиент,Павлодар,2025-08-02 21:22:38,cashback_in,in,6547.54,KZT
48,Ержан,Депозит Накопительный,Стандартный клиент,Павлодар,2025-08-03 10:11:49,card_out,out,20898.9,KZT
48,Ержан,Депозит Накопительный,Стандартный клиент,Павлодар,2025-08-04 08:16:30,p2p_out,out,8278.09,KZT
48,Ержан,Депозит Накопительный,Стандартный клиент,Павлодар,2025-08-04 09:36:30,utilities_out,out,7375.08,KZT
48,Ержан,Депозит Накопительный,Стандартный клиент,Павлодар,2025-08-04 11:12:50,card_out,out,22352.66,KZT
48,Ержан,Депозит Накопительный,Стандартный клиент,Павлодар,2025-08-04 11:20:44,deposit_topup_out,out,71584.03,KZT
48,Ержан,Депозит Накопительный,Стандартный клиент,Павлодар,2025-08-04 13:15:00,utilities_out,out,31783.15,KZT
48,Ержан,Депозит Накопительный,Стандартный клиент,Павлодар,2025-08-04 17:36:01,card_in,in,8464.32,KZT
48,Ержан,Депозит Накопительный,Стандартный клиент,Павлодар,2025-08-05 08:27:03,card_out,out,12743.85,KZT
48,Ержан,Депозит Накопительный,Стандартный клиент,Павлодар,2025-08-05 09:55:32,card_out,out,30305.15,KZT
48,Ержан,Депозит Накопительный,Стандартный клиент,Павлодар,2025-08-05 11:00:15,card_out,out,14342.25,KZT
48,Ержан,Депозит Накопительный,Стандартный клиент,Павлодар,2025-08-06 09:10:09,card_out,out,10844.95,KZT
48,Ержан,Депозит Накопительный,Стандартный клиент,Павлодар,2025-08-06 10:05:41,card_out,out,18226.81,KZT
48,Ержан,Депозит Накопительный,Стандартный клиент,Павлодар,2025-08-06 16:10:00,card_out,out,33862.63,KZT
48,Ержан,Депозит Накопительный,Стандартный клиент,Павлодар,2025-08-07 13:06:40,utilities_out,out,16227.43,KZT
48,Ержан,Депозит Накопительный,Стандартный клиент,Павлодар,2025-08-07 14:01:36,card_out,out,13418.9,KZT
48,Ержан,Депозит Накопительный,Стандартный клиент,Павлодар,2025-08-07 15:20:41,refund_in,in,8909.74,KZT
48,Ержан,Депозит Накопительный,Стандартный клиент,Павлодар,2025-08-08 08:39:47,p2p_out,out,15802.95,KZT
48,Ержан,Депозит Накопительный,Стандартный клиент,Павлодар,2025-08-09 15:58:10,card_out,out,24192.53,KZT
48,Ержан,Депозит Накопительный,Стандартный клиент,Павлодар,2025-08-09 16:34:34,p2p_out,out,19900.32,KZT
48,Ержан,Депозит Накопительный,Стандартный клиент,Павлодар,2025-08-09 16:40:01,p2p_out,out,7333.86,KZT
48,Ержан,Депозит Накопительный,Стандартный клиент,Павлодар,2025-08-09 16:56:05,p2p_out,out,12559.9,KZT
48,Ержан,Депозит Накопительный,Стандартный клиент,Павлодар,2025-08-10 08:28:27,card_out,out,35322.76,KZT
48,Ержан,Депозит Накопительный,Стандартный клиент,Павлодар,2025-08-10 11:37:16,card_out,out,28041.14,KZT
48,Ержан,Депозит Накопительный,Стандартный клиент,Павлодар,2025-08-10 13:13:13,card_out,out,12997.73,KZT
48,Ержан,Депозит Накопительный,Стандартный клиент,Павлодар,2025-08-10 18:38:18,deposit_topup_out,out,65087.37,KZT
48,Ержан,Депозит Накопительный,Стандартный клиент,Павлодар,2025-08-11 13:25:42,p2p_out,out,15337.25,KZT
48,Ержан,Депозит Накопительный,Стандартный клиент,Павлодар,2025-08-11 14:14:53,card_out,out,22599.45,KZT
48,Ержан,Депозит Накопительный,Стандартный клиент,Павлодар,2025-08-11 14:20:22,card_out,out,19142.48,KZT
48,Ержан,Депозит Накопительный,Стандартный клиент,Павлодар,2025-08-11 14:59:41,deposit_topup_out,out,67549.35,KZT
48,Ержан,Депозит Накопительный,Стандартный клиент,Павлодар,2025-08-12 08:36:33,card_out,out,31788.93,KZT
48,Ержан,Депозит Накопительный,Стандартный клиент,Павлодар,2025-08-12 11:30:33,card_out,out,35236.76,KZT
48,Ержан,Депозит Накопительный,Стандартный клиент,Павлодар,2025-08-12 13:21:35,card_out,out,25448.23,KZT
48,Ержан,Депозит Накопительный,Стандартный клиент,Павлодар,2025-08-12 13:48:21,p2p_out,out,29081.57,KZT
48,Ержан,Депозит Накопительный,Стандартный клиент,Павлодар,2025-08-12 14:50:04,card_out,out,52559.95,KZT
48,Ержан,Депозит Накопительный,Стандартный клиент,Павлодар,2025-08-12 17:19:20,atm_withdrawal,out,53234.0,KZT
48,Ержан,Депозит Накопительный,Стандартный клиент,Павлодар,2025-08-13 10:53:23,card_out,out,13132.48,KZT
48,Ержан,Депозит Накопительный,Стандартный клиент,Павлодар,2025-08-13 13:14:15,card_out,out,56713.39,KZT
48,Ержан,Депозит Накопительный,Стандартный клиент,Павлодар,2025-08-13 14:01:46,deposit_topup_out,out,35049.13,KZT
48,Ержан,Депозит Накопительный,Стандартный клиент,Павлодар,2025-08-13 14:11:59,p2p_out,out,29697.9,KZT
48,Ержан,Депозит Накопительный,Стандартный клиент,Павлодар,2025-08-13 18:20:12,card_out,out,53557.59,KZT
48,Ержан,Депозит Накопительный,Стандартный клиент,Павлодар,2025-08-14 08:33:24,card_in,in,6942.6,KZT
48,Ержан,Депозит Накопительный,Стандартный клиент,Павлодар,2025-08-15 15:29:03,loan_payment_out,out,57323.93,KZT
48,Ержан,Депозит Накопительный,Стандартный клиент,Павлодар,2025-08-15 17:18:17,card_out,out,17426.72,KZT
48,Ержан,Депозит Накопительный,Стандартный клиент,Павлодар,2025-08-16 18:10:19,p2p_out,out,20041.32,KZT
48,Ержан,Депозит Накопительный,Стандартный клиент,Павлодар,2025-08-16 18:33:53,card_in,in,10211.11,KZT
48,Ержан,Депозит Накопительный,Стандартный клиент,Павлодар,2025-08-16 19:03:04,card_out,out,9394.69,KZT
48,Ержан,Депозит Накопительный,Стандартный клиент,Павлодар,2025-08-17 11:49:28,refund_in,in,16780.8,KZT
48,Ержан,Депозит Накопительный,Стандартный клиент,Павлодар,2025-08-17 12:14:45,salary_in,in,436259.61,KZT
48,Ержан,Депозит Накопительный,Стандартный клиент,Павлодар,2025-08-17 20:11:36,cashback_in,in,14986.4,KZT
48,Ержан,Депозит Накопительный,Стандартный клиент,Павлодар,2025-08-17 20:22:27,card_out,out,13253.77,KZT
48,Ержан,Депозит Накопительный,Стандартный клиент,Павлодар,2025-08-18 09:25:02,card_out,out,8851.63,KZT
48,Ержан,Депозит Накопительный,Стандартный клиент,Павлодар,2025-08-18 11:04:29,card_out,out,14816.74,KZT
48,Ержан,Депозит Накопительный,Стандартный клиент,Павлодар,2025-08-18 15:31:03,p2p_out,out,4881.89,KZT
48,Ержан,Депозит Накопительный,Стандартный клиент,Павлодар,2025-08-18 19:18:46,card_out,out,29217.24,KZT
48,Ержан,Депозит Накопительный,Стандартный клиент,Павлодар,2025-08-19 11:35:14,utilities_out,out,13348.86,KZT
48,Ержан,Депозит Накопительный,Стандартный клиент,Павлодар,2025-08-19 13:52:33,loan_payment_out,out,72251.75,KZT
48,Ержан,Депозит Накопительный,Стандартный клиент,Павлодар,2025-08-19 14:55:32,card_out,out,43205.13,KZT
48,Ержан,Депозит Накопительный,Стандартный клиент,Павлодар,2025-08-19 17:16:20,card_out,out,13290.78,KZT
48,Ержан,Депозит Накопительный,Стандартный клиент,Павлодар,2025-08-20 09:57:34,utilities_out,out,10229.62,KZT
48,Ержан,Депозит Накопительный,Стандартный клиент,Павлодар,2025-08-20 12:04:00,atm_withdrawal,out,34018.21,KZT
48,Ержан,Депозит Накопительный,Стандартный клиент,Павлодар,2025-08-20 13:17:48,card_out,out,24314.48,KZT
48,Ержан,Депозит Накопительный,Стандартный клиент,Павлодар,2025-08-20 18:37:09,loan_payment_out,out,82414.72,KZT
48,Ержан,Депозит Накопительный,Стандартный клиент,Павлодар,2025-08-20 20:52:01,card_out,out,4029.83,KZT
48,Ержан,Депозит Накопительный,Стандартный клиент,Павлодар,2025-08-22 08:06:38,card_out,out,43857.68,KZT
48,Ержан,Депозит Накопительный,Стандартный клиент,Павлодар,2025-08-22 13:15:42,p2p_out,out,14047.79,KZT
48,Ержан,Депозит Накопительный,Стандартный клиент,Павлодар,2025-08-22 14:35:11,atm_withdrawal,out,49236.63,KZT
48,Ержан,Депозит Накопительный,Стандартный клиент,Павлодар,2025-08-22 14:42:30,p2p_out,out,10897.91,KZT
48,Ержан,Депозит Накопительный,Стандартный клиент,Павлодар,2025-08-22 19:55:49,card_out,out,21684.73,KZT
48,Ержан,Депозит Накопительный,Стандартный клиент,Павлодар,2025-08-22 21:12:58,deposit_topup_out,out,96354.41,KZT
48,Ержан,Депозит Накопительный,Стандартный клиент,Павлодар,2025-08-23 17:20:08,deposit_topup_out,out,40281.74,KZT
48,Ержан,Депозит Накопительный,Стандартный клиент,Павлодар,2025-08-24 09:34:28,card_out,out,32308.6,KZT
48,Ержан,Депозит Накопительный,Стандартный клиент,Павлодар,2025-08-25 08:52:41,card_in,in,5588.71,KZT
48,Ержан,Депозит Накопительный,Стандартный клиент,Павлодар,2025-08-25 17:28:49,p2p_out,out,28452.78,KZT
48,Ержан,Депозит Накопительный,Стандартный клиент,Павлодар,2025-08-25 19:47:56,card_out,out,18703.77,KZT
48,Ержан,Депозит Накопительный,Стандартный клиент,Павлодар,2025-08-25 19:50:47,p2p_out,out,19187.71,KZT
48,Ержан,Депозит Накопительный,Стандартный клиент,Павлодар,2025-08-26 10:47:13,card_out,out,9881.54,KZT
48,Ержан,Депозит Накопительный,Стандартный клиент,Павлодар,2025-08-27 12:47:41,atm_withdrawal,out,45568.95,KZT
48,Ержан,Депозит Накопительный,Стандартный клиент,Павлодар,2025-08-28 14:44:06,p2p_out,out,28207.51,KZT
48,Ержан,Депозит Накопительный,Стандартный клиент,Павлодар,2025-08-28 18:20:30,atm_withdrawal,out,27911.15,KZT
48,Ержан,Депозит Накопительный,Стандартный клиент,Павлодар,2025-08-29 10:51:39,card_out,out,53670.61,KZT
48,Ержан,Депозит Накопительный,Стандартный клиент,Павлодар,2025-08-29 11:12:30,p2p_out,out,12107.68,KZT
48,Ержан,Депозит Накопительный,Стандартный клиент,Павлодар,2025-08-29 17:22:30,card_in,in,14608.62,KZT
48,Ержан,Депозит Накопительный,Стандартный клиент,Павлодар,2025-08-29 19:14:41,card_out,out,6114.02,KZT
48,Ержан,Депозит Накопительный,Стандартный клиент,Павлодар,2025-08-30 10:56:30,card_out,out,37595.17,KZT
48,Ержан,Депозит Накопительный,Стандартный клиент,Павлодар,2025-08-30 12:12:32,card_out,out,16769.9,KZT
48,Ержан,Депозит Накопительный,Стандартный клиент,Павлодар,2025-08-30 12:23:59,card_out,out,14109.67,KZT
48,Ержан,Депозит Накопительный,Стандартный клиент,Павлодар,2025-08-30 15:21:03,cashback_in,in,4746.54,KZT
48,Ержан,Депозит Накопительный,Стандартный клиент,Павлодар,2025-08-31 13:02:18,p2p_out,out,16120.27,KZT
48,Ержан,Депозит Накопительный,Стандартный клиент,Павлодар,2025-08-31 14:47:44,card_out,out,17284.3,KZT
48,Ержан,Депозит Накопительный,Стандартный клиент,Павлодар,2025-08-31 16:30:09,p2p_out,out,19798.91,KZT
48,Ержан,Депозит Накопительный,Стандартный клиент,Павлодар,2025-08-31 20:18:03,card_out,out,37794.93,KZT
