﻿client_code,name,product,status,city,date,type,direction,amount,currency
47,Камшат,Депозит Накопительный,Зарплатный клиент,Тараз,2025-06-01 08:45:33,card_out,out,10555.21,KZT
47,Камшат,Депозит Накопительный,Зарплатный клиент,Тараз,2025-06-01 08:46:11,refund_in,in,3500.27,KZT
47,Камшат,Депозит Накопительный,Зарплатный клиент,Тараз,2025-06-01 10:19:57,card_out,out,14441.77,KZT
47,Камшат,Депозит Накопительный,Зарплатный клиент,Тараз,2025-06-01 10:57:28,salary_in,in,461392.69,KZT
47,Камшат,Депозит Накопительный,Зарплатный клиент,Тараз,2025-06-01 14:27:26,p2p_out,out,6994.88,KZT
47,Камшат,Депозит Накопительный,Зарплатный клиент,Тараз,2025-06-01 16:10:38,p2p_out,out,10136.53,KZT
47,Камшат,Депозит Накопительный,Зарплатный клиент,Тараз,2025-06-01 17:28:43,card_out,out,69639.54,KZT
47,Камшат,Депозит Накопительный,Зарплатный клиент,Тараз,2025-06-02 10:34:47,utilities_out,out,19818.33,KZT
47,Камшат,Депозит Накопительный,Зарплатный клиент,Тараз,2025-06-02 11:30:51,card_out,out,28725.28,KZT
47,Камшат,Депозит Накопительный,Зарплатный клиент,Тараз,2025-06-03 09:01:41,p2p_out,out,14397.72,KZT
47,Камшат,Депозит Накопительный,Зарплатный клиент,Тараз,2025-06-03 11:26:30,deposit_topup_out,out,36984.7,KZT
47,Камшат,Депозит Накопительный,Зарплатный клиент,Тараз,2025-06-04 09:01:43,card_in,in,36834.94,KZT
47,Камшат,Депозит Накопительный,Зарплатный клиент,Тараз,2025-06-04 15:37:29,p2p_out,out,17576.02,KZT
47,Камшат,Депозит Накопительный,Зарплатный клиент,Тараз,2025-06-04 15:39:45,card_out,out,18441.31,KZT
47,Камшат,Депозит Накопительный,Зарплатный клиент,Тараз,2025-06-04 15:49:58,p2p_out,out,30482.87,KZT
47,Камшат,Депозит Накопительный,Зарплатный клиент,Тараз,2025-06-04 17:09:32,card_out,out,14448.03,KZT
47,Камшат,Депозит Накопительный,Зарплатный клиент,Тараз,2025-06-04 18:25:15,deposit_topup_out,out,103373.4,KZT
47,Камшат,Депозит Накопительный,Зарплатный клиент,Тараз,2025-06-04 18:31:44,card_out,out,12309.26,KZT
47,Камшат,Депозит Накопительный,Зарплатный клиент,Тараз,2025-06-05 14:16:24,card_out,out,54484.75,KZT
47,Камшат,Депозит Накопительный,Зарплатный клиент,Тараз,2025-06-05 15:59:34,card_out,out,16042.84,KZT
47,Камшат,Депозит Накопительный,Зарплатный клиент,Тараз,2025-06-05 16:05:44,p2p_out,out,23122.36,KZT
47,Камшат,Депозит Накопительный,Зарплатный клиент,Тараз,2025-06-05 16:40:53,card_out,out,15737.95,KZT
47,Камшат,Депозит Накопительный,Зарплатный клиент,Тараз,2025-06-06 10:25:08,atm_withdrawal,out,33718.79,KZT
47,Камшат,Депозит Накопительный,Зарплатный клиент,Тараз,2025-06-06 15:22:28,card_out,out,7547.01,KZT
47,Камшат,Депозит Накопительный,Зарплатный клиент,Тараз,2025-06-06 20:39:10,card_out,out,9724.11,KZT
47,Камшат,Депозит Накопительный,Зарплатный клиент,Тараз,2025-06-08 14:40:59,utilities_out,out,25486.38,KZT
47,Камшат,Депозит Накопительный,Зарплатный клиент,Тараз,2025-06-08 21:01:16,deposit_topup_out,out,33492.39,KZT
47,Камшат,Депозит Накопительный,Зарплатный клиент,Тараз,2025-06-09 10:41:33,p2p_out,out,18554.8,KZT
47,Камшат,Депозит Накопительный,Зарплатный клиент,Тараз,2025-06-09 12:15:03,p2p_out,out,41506.89,KZT
47,Камшат,Депозит Накопительный,Зарплатный клиент,Тараз,2025-06-09 15:20:55,utilities_out,out,45411.0,KZT
47,Камшат,Депозит Накопительный,Зарплатный клиент,Тараз,2025-06-09 17:34:14,card_out,out,14885.0,KZT
47,Камшат,Депозит Накопительный,Зарплатный клиент,Тараз,2025-06-09 19:33:46,card_out,out,8758.51,KZT
47,Камшат,Депозит Накопительный,Зарплатный клиент,Тараз,2025-06-09 20:48:38,card_out,out,10165.47,KZT
47,Камшат,Депозит Накопительный,Зарплатный клиент,Тараз,2025-06-10 14:34:42,card_out,out,20092.97,KZT
47,Камшат,Депозит Накопительный,Зарплатный клиент,Тараз,2025-06-10 19:00:05,card_out,out,12808.71,KZT
47,Камшат,Депозит Накопительный,Зарплатный клиент,Тараз,2025-06-10 20:35:49,card_out,out,27006.13,KZT
47,Камшат,Депозит Накопительный,Зарплатный клиент,Тараз,2025-06-11 08:37:25,p2p_out,out,46416.5,KZT
47,Камшат,Депозит Накопительный,Зарплатный клиент,Тараз,2025-06-11 14:48:37,p2p_out,out,27690.1,KZT
47,Камшат,Депозит Накопительный,Зарплатный клиент,Тараз,2025-06-11 17:23:47,deposit_topup_out,out,27519.82,KZT
47,Камшат,Депозит Накопительный,Зарплатный клиент,Тараз,2025-06-12 09:33:49,card_out,out,21653.81,KZT
47,Камшат,Депозит Накопительный,Зарплатный клиент,Тараз,2025-06-12 20:42:13,card_out,out,54278.31,KZT
47,Камшат,Депозит Накопительный,Зарплатный клиент,Тараз,2025-06-13 13:01:13,loan_payment_out,out,51495.63,KZT
47,Камшат,Депозит Накопительный,Зарплатный клиент,Тараз,2025-06-13 14:07:34,cashback_in,in,5054.4,KZT
47,Камшат,Депозит Накопительный,Зарплатный клиент,Тараз,2025-06-13 15:20:52,p2p_out,out,16520.11,KZT
47,Камшат,Депозит Накопительный,Зарплатный клиент,Тараз,2025-06-13 15:55:40,card_in,in,75805.83,KZT
47,Камшат,Депозит Накопительный,Зарплатный клиент,Тараз,2025-06-13 18:19:04,deposit_topup_out,out,83927.04,KZT
47,Камшат,Депозит Накопительный,Зарплатный клиент,Тараз,2025-06-13 20:27:28,card_out,out,19247.53,KZT
47,Камшат,Депозит Накопительный,Зарплатный клиент,Тараз,2025-06-14 10:03:13,atm_withdrawal,out,60729.31,KZT
47,Камшат,Депозит Накопительный,Зарплатный клиент,Тараз,2025-06-14 16:00:56,card_out,out,12960.02,KZT
47,Камшат,Депозит Накопительный,Зарплатный клиент,Тараз,2025-06-14 16:06:15,card_out,out,18828.19,KZT
47,Камшат,Депозит Накопительный,Зарплатный клиент,Тараз,2025-06-14 17:40:46,card_out,out,40955.98,KZT
47,Камшат,Депозит Накопительный,Зарплатный клиент,Тараз,2025-06-14 21:51:34,card_out,out,10476.56,KZT
47,Камшат,Депозит Накопительный,Зарплатный клиент,Тараз,2025-06-15 08:40:22,loan_payment_out,out,69549.05,KZT
47,Камшат,Депозит Накопительный,Зарплатный клиент,Тараз,2025-06-15 15:45:04,card_out,out,42176.67,KZT
47,Камшат,Депозит Накопительный,Зарплатный клиент,Тараз,2025-06-16 14:21:27,p2p_out,out,29149.36,KZT
47,Камшат,Депозит Накопительный,Зарплатный клиент,Тараз,2025-06-16 16:27:25,utilities_out,out,46804.97,KZT
47,Камшат,Депозит Накопительный,Зарплатный клиент,Тараз,2025-06-17 21:06:58,card_out,out,17144.65,KZT
47,Камшат,Депозит Накопительный,Зарплатный клиент,Тараз,2025-06-17 21:49:16,card_out,out,16957.39,KZT
47,Камшат,Депозит Накопительный,Зарплатный клиент,Тараз,2025-06-19 08:46:55,card_out,out,40028.86,KZT
47,Камшат,Депозит Накопительный,Зарплатный клиент,Тараз,2025-06-19 11:57:33,card_out,out,14805.33,KZT
47,Камшат,Депозит Накопительный,Зарплатный клиент,Тараз,2025-06-21 08:41:56,card_out,out,17650.11,KZT
47,Камшат,Депозит Накопительный,Зарплатный клиент,Тараз,2025-06-21 14:20:01,deposit_topup_out,out,62122.23,KZT
47,Камшат,Депозит Накопительный,Зарплатный клиент,Тараз,2025-06-21 15:56:02,card_out,out,20327.69,KZT
47,Камшат,Депозит Накопительный,Зарплатный клиент,Тараз,2025-06-21 20:36:19,cashback_in,in,6875.98,KZT
47,Камшат,Депозит Накопительный,Зарплатный клиент,Тараз,2025-06-22 10:06:27,atm_withdrawal,out,30718.54,KZT
47,Камшат,Депозит Накопительный,Зарплатный клиент,Тараз,2025-06-22 15:04:09,p2p_out,out,8456.54,KZT
47,Камшат,Депозит Накопительный,Зарплатный клиент,Тараз,2025-06-22 15:28:58,card_in,in,9003.25,KZT
47,Камшат,Депозит Накопительный,Зарплатный клиент,Тараз,2025-06-22 15:31:53,p2p_out,out,20397.9,KZT
47,Камшат,Депозит Накопительный,Зарплатный клиент,Тараз,2025-06-23 10:26:00,card_out,out,41649.27,KZT
47,Камшат,Депозит Накопительный,Зарплатный клиент,Тараз,2025-06-23 13:23:44,card_out,out,31407.7,KZT
47,Камшат,Депозит Накопительный,Зарплатный клиент,Тараз,2025-06-23 17:16:15,card_out,out,17262.94,KZT
47,Камшат,Депозит Накопительный,Зарплатный клиент,Тараз,2025-06-23 17:34:10,utilities_out,out,12799.39,KZT
47,Камшат,Депозит Накопительный,Зарплатный клиент,Тараз,2025-06-23 18:01:08,p2p_out,out,41206.55,KZT
47,Камшат,Депозит Накопительный,Зарплатный клиент,Тараз,2025-06-24 10:10:54,loan_payment_out,out,67743.98,KZT
47,Камшат,Депозит Накопительный,Зарплатный клиент,Тараз,2025-06-24 19:31:24,p2p_out,out,30282.24,KZT
47,Камшат,Депозит Накопительный,Зарплатный клиент,Тараз,2025-06-25 08:46:26,p2p_out,out,7404.24,KZT
47,Камшат,Депозит Накопительный,Зарплатный клиент,Тараз,2025-06-25 09:38:27,card_out,out,27550.99,KZT
47,Камшат,Депозит Накопительный,Зарплатный клиент,Тараз,2025-06-26 13:53:16,atm_withdrawal,out,38627.76,KZT
47,Камшат,Депозит Накопительный,Зарплатный клиент,Тараз,2025-06-27 08:15:34,p2p_out,out,16217.93,KZT
47,Камшат,Депозит Накопительный,Зарплатный клиент,Тараз,2025-06-27 08:19:34,card_out,out,38456.36,KZT
47,Камшат,Депозит Накопительный,Зарплатный клиент,Тараз,2025-06-27 11:23:56,card_out,out,24704.44,KZT
47,Камшат,Депозит Накопительный,Зарплатный клиент,Тараз,2025-06-27 13:51:16,card_out,out,17096.25,KZT
47,Камшат,Депозит Накопительный,Зарплатный клиент,Тараз,2025-06-27 15:57:27,atm_withdrawal,out,80673.07,KZT
47,Камшат,Депозит Накопительный,Зарплатный клиент,Тараз,2025-06-27 18:14:56,card_out,out,15588.28,KZT
47,Камшат,Депозит Накопительный,Зарплатный клиент,Тараз,2025-06-27 18:34:43,card_out,out,7995.1,KZT
47,Камшат,Депозит Накопительный,Зарплатный клиент,Тараз,2025-06-28 08:40:21,card_in,in,6265.26,KZT
47,Камшат,Депозит Накопительный,Зарплатный клиент,Тараз,2025-06-28 09:14:57,card_out,out,9148.49,KZT
47,Камшат,Депозит Накопительный,Зарплатный клиент,Тараз,2025-06-28 10:33:23,refund_in,in,8261.99,KZT
47,Камшат,Депозит Накопительный,Зарплатный клиент,Тараз,2025-06-28 10:38:20,atm_withdrawal,out,37619.6,KZT
47,Камшат,Депозит Накопительный,Зарплатный клиент,Тараз,2025-06-28 13:53:34,card_out,out,8737.91,KZT
47,Камшат,Депозит Накопительный,Зарплатный клиент,Тараз,2025-06-28 16:33:28,card_out,out,9046.53,KZT
47,Камшат,Депозит Накопительный,Зарплатный клиент,Тараз,2025-06-28 18:59:28,card_out,out,29090.28,KZT
47,Камшат,Депозит Накопительный,Зарплатный клиент,Тараз,2025-06-28 19:49:19,p2p_out,out,11857.98,KZT
47,Камшат,Депозит Накопительный,Зарплатный клиент,Тараз,2025-06-29 09:26:14,card_out,out,30091.42,KZT
47,Камшат,Депозит Накопительный,Зарплатный клиент,Тараз,2025-06-29 09:31:28,card_out,out,45581.39,KZT
47,Камшат,Депозит Накопительный,Зарплатный клиент,Тараз,2025-06-29 12:19:31,p2p_out,out,20601.43,KZT
47,Камшат,Депозит Накопительный,Зарплатный клиент,Тараз,2025-06-29 16:41:37,card_in,in,10513.17,KZT
47,Камшат,Депозит Накопительный,Зарплатный клиент,Тараз,2025-06-29 18:54:40,card_out,out,22763.37,KZT
47,Камшат,Депозит Накопительный,Зарплатный клиент,Тараз,2025-06-30 11:56:37,card_out,out,8151.27,KZT
47,Камшат,Депозит Накопительный,Зарплатный клиент,Тараз,2025-06-30 12:57:00,cashback_in,in,8832.36,KZT
47,Камшат,Депозит Накопительный,Зарплатный клиент,Тараз,2025-07-01 10:39:41,card_out,out,23457.46,KZT
47,Камшат,Депозит Накопительный,Зарплатный клиент,Тараз,2025-07-01 10:54:10,atm_withdrawal,out,42927.3,KZT
47,Камшат,Депозит Накопительный,Зарплатный клиент,Тараз,2025-07-01 12:00:51,card_in,in,30506.66,KZT
47,Камшат,Депозит Накопительный,Зарплатный клиент,Тараз,2025-07-01 13:04:13,card_out,out,5730.14,KZT
47,Камшат,Депозит Накопительный,Зарплатный клиент,Тараз,2025-07-01 18:43:38,p2p_out,out,4663.65,KZT
47,Камшат,Депозит Накопительный,Зарплатный клиент,Тараз,2025-07-01 19:38:47,p2p_out,out,19288.82,KZT
47,Камшат,Депозит Накопительный,Зарплатный клиент,Тараз,2025-07-01 21:03:58,card_out,out,11412.06,KZT
47,Камшат,Депозит Накопительный,Зарплатный клиент,Тараз,2025-07-02 16:41:27,card_out,out,18174.82,KZT
47,Камшат,Депозит Накопительный,Зарплатный клиент,Тараз,2025-07-02 19:29:52,p2p_out,out,20496.94,KZT
47,Камшат,Депозит Накопительный,Зарплатный клиент,Тараз,2025-07-02 19:43:03,p2p_out,out,14161.51,KZT
47,Камшат,Депозит Накопительный,Зарплатный клиент,Тараз,2025-07-02 21:14:01,loan_payment_out,out,50222.07,KZT
47,Камшат,Депозит Накопительный,Зарплатный клиент,Тараз,2025-07-03 08:25:38,card_out,out,22063.82,KZT
47,Камшат,Депозит Накопительный,Зарплатный клиент,Тараз,2025-07-03 08:39:08,atm_withdrawal,out,48946.18,KZT
47,Камшат,Депозит Накопительный,Зарплатный клиент,Тараз,2025-07-03 08:56:30,card_out,out,11656.44,KZT
47,Камшат,Депозит Накопительный,Зарплатный клиент,Тараз,2025-07-03 10:17:54,p2p_out,out,15011.08,KZT
47,Камшат,Депозит Накопительный,Зарплатный клиент,Тараз,2025-07-03 13:01:46,card_out,out,15155.07,KZT
47,Камшат,Депозит Накопительный,Зарплатный клиент,Тараз,2025-07-03 18:53:41,utilities_out,out,40019.61,KZT
47,Камшат,Депозит Накопительный,Зарплатный клиент,Тараз,2025-07-04 08:06:26,card_out,out,20452.08,KZT
47,Камшат,Депозит Накопительный,Зарплатный клиент,Тараз,2025-07-04 14:56:32,card_out,out,8860.23,KZT
47,Камшат,Депозит Накопительный,Зарплатный клиент,Тараз,2025-07-05 08:25:20,card_out,out,9974.83,KZT
47,Камшат,Депозит Накопительный,Зарплатный клиент,Тараз,2025-07-05 09:09:52,p2p_out,out,30352.83,KZT
47,Камшат,Депозит Накопительный,Зарплатный клиент,Тараз,2025-07-05 13:52:22,p2p_out,out,20241.08,KZT
47,Камшат,Депозит Накопительный,Зарплатный клиент,Тараз,2025-07-05 20:18:10,atm_withdrawal,out,35241.31,KZT
47,Камшат,Депозит Накопительный,Зарплатный клиент,Тараз,2025-07-06 12:43:43,card_out,out,17523.33,KZT
47,Камшат,Депозит Накопительный,Зарплатный клиент,Тараз,2025-07-06 21:04:24,card_out,out,48503.61,KZT
47,Камшат,Депозит Накопительный,Зарплатный клиент,Тараз,2025-07-07 21:03:16,p2p_out,out,25273.09,KZT
47,Камшат,Депозит Накопительный,Зарплатный клиент,Тараз,2025-07-08 08:57:13,card_out,out,13744.66,KZT
47,Камшат,Депозит Накопительный,Зарплатный клиент,Тараз,2025-07-08 14:29:16,card_out,out,13544.01,KZT
47,Камшат,Депозит Накопительный,Зарплатный клиент,Тараз,2025-07-08 18:33:45,p2p_out,out,31321.18,KZT
47,Камшат,Депозит Накопительный,Зарплатный клиент,Тараз,2025-07-08 18:39:10,card_out,out,6647.52,KZT
47,Камшат,Депозит Накопительный,Зарплатный клиент,Тараз,2025-07-08 19:37:06,deposit_topup_out,out,110749.06,KZT
47,Камшат,Депозит Накопительный,Зарплатный клиент,Тараз,2025-07-09 09:40:31,cashback_in,in,10212.82,KZT
47,Камшат,Депозит Накопительный,Зарплатный клиент,Тараз,2025-07-09 12:01:23,card_out,out,27770.83,KZT
47,Камшат,Депозит Накопительный,Зарплатный клиент,Тараз,2025-07-09 15:38:39,card_out,out,14090.61,KZT
47,Камшат,Депозит Накопительный,Зарплатный клиент,Тараз,2025-07-09 18:57:08,cashback_in,in,8401.25,KZT
47,Камшат,Депозит Накопительный,Зарплатный клиент,Тараз,2025-07-10 15:54:30,card_out,out,9893.04,KZT
47,Камшат,Депозит Накопительный,Зарплатный клиент,Тараз,2025-07-10 17:23:26,card_out,out,14838.03,KZT
47,Камшат,Депозит Накопительный,Зарплатный клиент,Тараз,2025-07-11 08:45:25,p2p_out,out,20369.03,KZT
47,Камшат,Депозит Накопительный,Зарплатный клиент,Тараз,2025-07-12 08:46:42,utilities_out,out,22544.86,KZT
47,Камшат,Депозит Накопительный,Зарплатный клиент,Тараз,2025-07-12 11:07:32,p2p_out,out,9476.86,KZT
47,Камшат,Депозит Накопительный,Зарплатный клиент,Тараз,2025-07-12 11:39:04,p2p_out,out,17715.13,KZT
47,Камшат,Депозит Накопительный,Зарплатный клиент,Тараз,2025-07-12 12:14:44,atm_withdrawal,out,89614.16,KZT
47,Камшат,Депозит Накопительный,Зарплатный клиент,Тараз,2025-07-12 13:40:36,deposit_topup_out,out,77919.97,KZT
47,Камшат,Депозит Накопительный,Зарплатный клиент,Тараз,2025-07-12 14:19:48,card_out,out,19860.62,KZT
47,Камшат,Депозит Накопительный,Зарплатный клиент,Тараз,2025-07-12 15:44:58,card_out,out,28526.13,KZT
47,Камшат,Депозит Накопительный,Зарплатный клиент,Тараз,2025-07-12 20:20:15,card_out,out,19037.16,KZT
47,Камшат,Депозит Накопительный,Зарплатный клиент,Тараз,2025-07-13 11:56:05,loan_payment_out,out,44005.72,KZT
47,Камшат,Депозит Накопительный,Зарплатный клиент,Тараз,2025-07-13 11:57:22,p2p_out,out,12535.69,KZT
47,Камшат,Депозит Накопительный,Зарплатный клиент,Тараз,2025-07-13 16:24:25,deposit_topup_out,out,83774.49,KZT
47,Камшат,Депозит Накопительный,Зарплатный клиент,Тараз,2025-07-14 10:15:40,loan_payment_out,out,50075.32,KZT
47,Камшат,Депозит Накопительный,Зарплатный клиент,Тараз,2025-07-14 10:36:40,atm_withdrawal,out,24641.39,KZT
47,Камшат,Депозит Накопительный,Зарплатный клиент,Тараз,2025-07-15 14:17:08,card_out,out,11125.51,KZT
47,Камшат,Депозит Накопительный,Зарплатный клиент,Тараз,2025-07-15 16:11:28,deposit_topup_out,out,147967.72,KZT
47,Камшат,Депозит Накопительный,Зарплатный клиент,Тараз,2025-07-15 21:04:25,p2p_out,out,23109.14,KZT
47,Камшат,Депозит Накопительный,Зарплатный клиент,Тараз,2025-07-16 19:45:38,card_in,in,13830.54,KZT
47,Камшат,Депозит Накопительный,Зарплатный клиент,Тараз,2025-07-16 21:05:17,refund_in,in,3576.85,KZT
47,Камшат,Депозит Накопительный,Зарплатный клиент,Тараз,2025-07-17 17:24:51,card_out,out,17506.8,KZT
47,Камшат,Депозит Накопительный,Зарплатный клиент,Тараз,2025-07-18 11:01:27,card_out,out,15378.01,KZT
47,Камшат,Депозит Накопительный,Зарплатный клиент,Тараз,2025-07-18 12:05:32,card_out,out,24028.79,KZT
47,Камшат,Депозит Накопительный,Зарплатный клиент,Тараз,2025-07-18 17:18:23,p2p_out,out,15193.18,KZT
47,Камшат,Депозит Накопительный,Зарплатный клиент,Тараз,2025-07-18 20:52:57,card_out,out,12074.49,KZT
47,Камшат,Депозит Накопительный,Зарплатный клиент,Тараз,2025-07-18 21:39:26,card_out,out,21410.14,KZT
47,Камшат,Депозит Накопительный,Зарплатный клиент,Тараз,2025-07-19 10:29:39,card_out,out,26379.04,KZT
47,Камшат,Депозит Накопительный,Зарплатный клиент,Тараз,2025-07-19 13:03:36,p2p_out,out,6011.41,KZT
47,Камшат,Депозит Накопительный,Зарплатный клиент,Тараз,2025-07-19 15:01:39,card_out,out,11372.83,KZT
47,Камшат,Депозит Накопительный,Зарплатный клиент,Тараз,2025-07-19 17:34:20,card_out,out,22338.82,KZT
47,Камшат,Депозит Накопительный,Зарплатный клиент,Тараз,2025-07-20 09:54:09,card_out,out,26393.62,KZT
47,Камшат,Депозит Накопительный,Зарплатный клиент,Тараз,2025-07-20 15:25:59,cashback_in,in,17222.13,KZT
47,Камшат,Депозит Накопительный,Зарплатный клиент,Тараз,2025-07-20 20:33:07,card_out,out,9073.28,KZT
47,Камшат,Депозит Накопительный,Зарплатный клиент,Тараз,2025-07-20 20:43:59,card_out,out,14187.28,KZT
47,Камшат,Депозит Накопительный,Зарплатный клиент,Тараз,2025-07-21 13:35:20,p2p_out,out,18307.28,KZT
47,Камшат,Депозит Накопительный,Зарплатный клиент,Тараз,2025-07-21 16:22:17,card_out,out,24172.34,KZT
47,Камшат,Депозит Накопительный,Зарплатный клиент,Тараз,2025-07-21 18:31:22,utilities_out,out,19735.12,KZT
47,Камшат,Депозит Накопительный,Зарплатный клиент,Тараз,2025-07-22 15:43:36,card_in,in,26803.46,KZT
47,Камшат,Депозит Накопительный,Зарплатный клиент,Тараз,2025-07-22 18:55:32,deposit_topup_out,out,181798.22,KZT
47,Камшат,Депозит Накопительный,Зарплатный клиент,Тараз,2025-07-23 14:48:04,p2p_out,out,15171.76,KZT
47,Камшат,Депозит Накопительный,Зарплатный клиент,Тараз,2025-07-24 15:40:36,card_out,out,10042.01,KZT
47,Камшат,Депозит Накопительный,Зарплатный клиент,Тараз,2025-07-24 16:33:31,card_out,out,23836.95,KZT
47,Камшат,Депозит Накопительный,Зарплатный клиент,Тараз,2025-07-24 17:48:47,card_out,out,18104.33,KZT
47,Камшат,Депозит Накопительный,Зарплатный клиент,Тараз,2025-07-24 17:58:36,card_out,out,29899.19,KZT
47,Камшат,Депозит Накопительный,Зарплатный клиент,Тараз,2025-07-24 19:13:49,p2p_out,out,13686.28,KZT
47,Камшат,Депозит Накопительный,Зарплатный клиент,Тараз,2025-07-25 13:36:30,refund_in,in,25069.53,KZT
47,Камшат,Депозит Накопительный,Зарплатный клиент,Тараз,2025-07-25 14:23:08,salary_in,in,350716.9,KZT
47,Камшат,Депозит Накопительный,Зарплатный клиент,Тараз,2025-07-25 21:15:52,utilities_out,out,18427.15,KZT
47,Камшат,Депозит Накопительный,Зарплатный клиент,Тараз,2025-07-26 08:51:20,deposit_topup_out,out,97663.17,KZT
47,Камшат,Депозит Накопительный,Зарплатный клиент,Тараз,2025-07-26 15:41:13,card_out,out,58857.64,KZT
47,Камшат,Депозит Накопительный,Зарплатный клиент,Тараз,2025-07-26 21:40:12,card_in,in,6890.56,KZT
47,Камшат,Депозит Накопительный,Зарплатный клиент,Тараз,2025-07-27 11:22:48,atm_withdrawal,out,28370.04,KZT
47,Камшат,Депозит Накопительный,Зарплатный клиент,Тараз,2025-07-27 13:32:38,card_in,in,25136.52,KZT
47,Камшат,Депозит Накопительный,Зарплатный клиент,Тараз,2025-07-27 16:48:48,card_out,out,8281.2,KZT
47,Камшат,Депозит Накопительный,Зарплатный клиент,Тараз,2025-07-27 18:46:17,card_out,out,18756.98,KZT
47,Камшат,Депозит Накопительный,Зарплатный клиент,Тараз,2025-07-29 08:39:50,card_out,out,17183.01,KZT
47,Камшат,Депозит Накопительный,Зарплатный клиент,Тараз,2025-07-29 13:31:19,p2p_out,out,21261.82,KZT
47,Камшат,Депозит Накопительный,Зарплатный клиент,Тараз,2025-07-29 13:56:58,card_out,out,17706.26,KZT
47,Камшат,Депозит Накопительный,Зарплатный клиент,Тараз,2025-07-29 19:16:31,card_out,out,40770.6,KZT
47,Камшат,Депозит Накопительный,Зарплатный клиент,Тараз,2025-07-30 12:34:06,card_out,out,8741.62,KZT
47,Камшат,Депозит Накопительный,Зарплатный клиент,Тараз,2025-07-30 13:51:42,utilities_out,out,28824.4,KZT
47,Камшат,Депозит Накопительный,Зарплатный клиент,Тараз,2025-07-30 20:28:12,card_out,out,15895.63,KZT
47,Камшат,Депозит Накопительный,Зарплатный клиент,Тараз,2025-07-30 21:25:40,card_out,out,15566.3,KZT
47,Камшат,Депозит Накопительный,Зарплатный клиент,Тараз,2025-07-31 13:30:49,card_out,out,41772.92,KZT
47,Камшат,Депозит Накопительный,Зарплатный клиент,Тараз,2025-08-02 09:56:47,p2p_out,out,11443.1,KZT
47,Камшат,Депозит Накопительный,Зарплатный клиент,Тараз,2025-08-02 13:25:32,card_out,out,9495.85,KZT
47,Камшат,Депозит Накопительный,Зарплатный клиент,Тараз,2025-08-02 17:25:37,atm_withdrawal,out,24911.51,KZT
47,Камшат,Депозит Накопительный,Зарплатный клиент,Тараз,2025-08-02 20:39:58,utilities_out,out,39208.73,KZT
47,Камшат,Депозит Накопительный,Зарплатный клиент,Тараз,2025-08-03 10:04:24,card_out,out,8092.85,KZT
47,Камшат,Депозит Накопительный,Зарплатный клиент,Тараз,2025-08-03 11:57:42,utilities_out,out,17175.07,KZT
47,Камшат,Депозит Накопительный,Зарплатный клиент,Тараз,2025-08-03 15:02:52,p2p_out,out,28892.96,KZT
47,Камшат,Депозит Накопительный,Зарплатный клиент,Тараз,2025-08-03 15:53:50,card_out,out,34174.89,KZT
47,Камшат,Депозит Накопительный,Зарплатный клиент,Тараз,2025-08-03 21:40:31,loan_payment_out,out,65171.71,KZT
47,Камшат,Депозит Накопительный,Зарплатный клиент,Тараз,2025-08-04 10:30:28,p2p_out,out,10494.1,KZT
47,Камшат,Депозит Накопительный,Зарплатный клиент,Тараз,2025-08-04 13:19:24,card_out,out,10002.11,KZT
47,Камшат,Депозит Накопительный,Зарплатный клиент,Тараз,2025-08-05 09:02:24,card_out,out,59661.15,KZT
47,Камшат,Депозит Накопительный,Зарплатный клиент,Тараз,2025-08-05 16:27:27,card_in,in,20772.69,KZT
47,Камшат,Депозит Накопительный,Зарплатный клиент,Тараз,2025-08-05 17:08:56,card_out,out,10247.18,KZT
47,Камшат,Депозит Накопительный,Зарплатный клиент,Тараз,2025-08-06 10:20:03,deposit_topup_out,out,78855.63,KZT
47,Камшат,Депозит Накопительный,Зарплатный клиент,Тараз,2025-08-06 14:04:09,card_out,out,4359.82,KZT
47,Камшат,Депозит Накопительный,Зарплатный клиент,Тараз,2025-08-06 15:03:06,atm_withdrawal,out,25848.15,KZT
47,Камшат,Депозит Накопительный,Зарплатный клиент,Тараз,2025-08-07 10:22:38,card_out,out,16361.1,KZT
47,Камшат,Депозит Накопительный,Зарплатный клиент,Тараз,2025-08-07 14:47:12,card_out,out,18352.13,KZT
47,Камшат,Депозит Накопительный,Зарплатный клиент,Тараз,2025-08-07 19:51:30,p2p_out,out,8276.06,KZT
47,Камшат,Депозит Накопительный,Зарплатный клиент,Тараз,2025-08-08 08:17:03,card_in,in,4937.62,KZT
47,Камшат,Депозит Накопительный,Зарплатный клиент,Тараз,2025-08-08 12:15:16,cashback_in,in,9663.9,KZT
47,Камшат,Депозит Накопительный,Зарплатный клиент,Тараз,2025-08-08 12:44:48,card_out,out,14136.93,KZT
47,Камшат,Депозит Накопительный,Зарплатный клиент,Тараз,2025-08-08 15:14:16,salary_in,in,350694.08,KZT
47,Камшат,Депозит Накопительный,Зарплатный клиент,Тараз,2025-08-09 09:48:36,p2p_out,out,11153.99,KZT
47,Камшат,Депозит Накопительный,Зарплатный клиент,Тараз,2025-08-09 09:54:27,p2p_out,out,17307.62,KZT
47,Камшат,Депозит Накопительный,Зарплатный клиент,Тараз,2025-08-09 11:17:57,card_out,out,24813.39,KZT
47,Камшат,Депозит Накопительный,Зарплатный клиент,Тараз,2025-08-09 15:59:33,card_out,out,14473.36,KZT
47,Камшат,Депозит Накопительный,Зарплатный клиент,Тараз,2025-08-09 20:13:50,loan_payment_out,out,68517.59,KZT
47,Камшат,Депозит Накопительный,Зарплатный клиент,Тараз,2025-08-10 11:07:56,card_out,out,31516.83,KZT
47,Камшат,Депозит Накопительный,Зарплатный клиент,Тараз,2025-08-10 14:09:25,atm_withdrawal,out,20104.19,KZT
47,Камшат,Депозит Накопительный,Зарплатный клиент,Тараз,2025-08-11 08:40:01,p2p_out,out,4966.09,KZT
47,Камшат,Депозит Накопительный,Зарплатный клиент,Тараз,2025-08-11 10:04:39,card_out,out,13566.91,KZT
47,Камшат,Депозит Накопительный,Зарплатный клиент,Тараз,2025-08-11 11:08:27,card_out,out,21202.38,KZT
47,Камшат,Депозит Накопительный,Зарплатный клиент,Тараз,2025-08-11 17:49:58,card_out,out,57460.49,KZT
47,Камшат,Депозит Накопительный,Зарплатный клиент,Тараз,2025-08-12 16:03:15,p2p_out,out,38175.54,KZT
47,Камшат,Депозит Накопительный,Зарплатный клиент,Тараз,2025-08-13 10:44:34,card_out,out,16781.91,KZT
47,Камшат,Депозит Накопительный,Зарплатный клиент,Тараз,2025-08-13 14:58:16,card_out,out,14267.6,KZT
47,Камшат,Депозит Накопительный,Зарплатный клиент,Тараз,2025-08-13 17:45:04,deposit_topup_out,out,73023.25,KZT
47,Камшат,Депозит Накопительный,Зарплатный клиент,Тараз,2025-08-14 10:22:56,deposit_topup_out,out,48524.44,KZT
47,Камшат,Депозит Накопительный,Зарплатный клиент,Тараз,2025-08-14 14:43:44,p2p_out,out,42159.36,KZT
47,Камшат,Депозит Накопительный,Зарплатный клиент,Тараз,2025-08-14 16:13:53,card_in,in,21613.7,KZT
47,Камшат,Депозит Накопительный,Зарплатный клиент,Тараз,2025-08-14 17:44:52,utilities_out,out,23807.81,KZT
47,Камшат,Депозит Накопительный,Зарплатный клиент,Тараз,2025-08-14 19:18:46,card_out,out,24230.9,KZT
47,Камшат,Депозит Накопительный,Зарплатный клиент,Тараз,2025-08-14 21:28:21,atm_withdrawal,out,19748.91,KZT
47,Камшат,Депозит Накопительный,Зарплатный клиент,Тараз,2025-08-15 13:02:26,card_out,out,15378.84,KZT
47,Камшат,Депозит Накопительный,Зарплатный клиент,Тараз,2025-08-15 14:14:47,deposit_topup_out,out,78985.5,KZT
47,Камшат,Депозит Накопительный,Зарплатный клиент,Тараз,2025-08-15 18:08:59,p2p_out,out,8393.43,KZT
47,Камшат,Депозит Накопительный,Зарплатный клиент,Тараз,2025-08-15 21:29:51,card_out,out,24119.48,KZT
47,Камшат,Депозит Накопительный,Зарплатный клиент,Тараз,2025-08-16 19:20:56,card_out,out,33025.79,KZT
47,Камшат,Депозит Накопительный,Зарплатный клиент,Тараз,2025-08-16 20:14:47,p2p_out,out,18964.17,KZT
47,Камшат,Депозит Накопительный,Зарплатный клиент,Тараз,2025-08-16 21:43:25,card_out,out,25870.25,KZT
47,Камшат,Депозит Накопительный,Зарплатный клиент,Тараз,2025-08-17 11:31:46,card_out,out,13914.15,KZT
47,Камшат,Депозит Накопительный,Зарплатный клиент,Тараз,2025-08-17 11:47:05,card_out,out,24092.29,KZT
47,Камшат,Депозит Накопительный,Зарплатный клиент,Тараз,2025-08-17 20:14:23,card_out,out,12302.91,KZT
47,Камшат,Депозит Накопительный,Зарплатный клиент,Тараз,2025-08-17 21:34:21,card_out,out,16272.72,KZT
47,Камшат,Депозит Накопительный,Зарплатный клиент,Тараз,2025-08-18 12:34:48,refund_in,in,28595.1,KZT
47,Камшат,Депозит Накопительный,Зарплатный клиент,Тараз,2025-08-18 15:40:51,cashback_in,in,31966.03,KZT
47,Камшат,Депозит Накопительный,Зарплатный клиент,Тараз,2025-08-19 09:31:28,deposit_topup_out,out,68721.28,KZT
47,Камшат,Депозит Накопительный,Зарплатный клиент,Тараз,2025-08-19 10:00:47,card_out,out,15633.24,KZT
47,Камшат,Депозит Накопительный,Зарплатный клиент,Тараз,2025-08-19 17:52:54,utilities_out,out,19425.27,KZT
47,Камшат,Депозит Накопительный,Зарплатный клиент,Тараз,2025-08-20 08:31:37,utilities_out,out,28782.19,KZT
47,Камшат,Депозит Накопительный,Зарплатный клиент,Тараз,2025-08-20 09:34:41,deposit_topup_out,out,61313.18,KZT
47,Камшат,Депозит Накопительный,Зарплатный клиент,Тараз,2025-08-20 10:01:05,card_out,out,41614.06,KZT
47,Камшат,Депозит Накопительный,Зарплатный клиент,Тараз,2025-08-20 11:41:48,p2p_out,out,24797.5,KZT
47,Камшат,Депозит Накопительный,Зарплатный клиент,Тараз,2025-08-20 15:53:20,p2p_out,out,9565.46,KZT
47,Камшат,Депозит Накопительный,Зарплатный клиент,Тараз,2025-08-20 18:50:48,card_out,out,24656.2,KZT
47,Камшат,Депозит Накопительный,Зарплатный клиент,Тараз,2025-08-21 21:23:41,cashback_in,in,19389.98,KZT
47,Камшат,Депозит Накопительный,Зарплатный клиент,Тараз,2025-08-21 21:32:21,card_out,out,33698.58,KZT
47,Камшат,Депозит Накопительный,Зарплатный клиент,Тараз,2025-08-22 08:26:13,card_out,out,16737.97,KZT
47,Камшат,Депозит Накопительный,Зарплатный клиент,Тараз,2025-08-22 11:23:52,card_out,out,7035.73,KZT
47,Камшат,Депозит Накопительный,Зарплатный клиент,Тараз,2025-08-22 16:44:43,p2p_out,out,10347.74,KZT
47,Камшат,Депозит Накопительный,Зарплатный клиент,Тараз,2025-08-24 10:38:06,card_out,out,21304.34,KZT
47,Камшат,Депозит Накопительный,Зарплатный клиент,Тараз,2025-08-24 17:26:36,card_out,out,9324.54,KZT
47,Камшат,Депозит Накопительный,Зарплатный клиент,Тараз,2025-08-24 18:20:56,card_out,out,14964.32,KZT
47,Камшат,Депозит Накопительный,Зарплатный клиент,Тараз,2025-08-25 09:38:48,loan_payment_out,out,60804.97,KZT
47,Камшат,Депозит Накопительный,Зарплатный клиент,Тараз,2025-08-25 13:24:12,card_out,out,10111.5,KZT
47,Камшат,Депозит Накопительный,Зарплатный клиент,Тараз,2025-08-25 16:17:04,card_in,in,19598.43,KZT
47,Камшат,Депозит Накопительный,Зарплатный клиент,Тараз,2025-08-25 16:20:46,card_out,out,16528.52,KZT
47,Камшат,Депозит Накопительный,Зарплатный клиент,Тараз,2025-08-26 10:21:17,refund_in,in,13560.25,KZT
47,Камшат,Депозит Накопительный,Зарплатный клиент,Тараз,2025-08-26 13:36:45,p2p_out,out,32192.77,KZT
47,Камшат,Депозит Накопительный,Зарплатный клиент,Тараз,2025-08-26 20:44:47,card_out,out,16092.78,KZT
47,Камшат,Депозит Накопительный,Зарплатный клиент,Тараз,2025-08-26 21:38:57,p2p_out,out,15625.2,KZT
47,Камшат,Депозит Накопительный,Зарплатный клиент,Тараз,2025-08-27 17:36:37,card_out,out,29300.06,KZT
47,Камшат,Депозит Накопительный,Зарплатный клиент,Тараз,2025-08-27 20:17:27,atm_withdrawal,out,29918.58,KZT
47,Камшат,Депозит Накопительный,Зарплатный клиент,Тараз,2025-08-27 21:43:22,card_in,in,30194.9,KZT
47,Камшат,Депозит Накопительный,Зарплатный клиент,Тараз,2025-08-28 13:28:16,atm_withdrawal,out,16291.93,KZT
47,Камшат,Депозит Накопительный,Зарплатный клиент,Тараз,2025-08-28 13:41:48,p2p_out,out,25156.25,KZT
47,Камшат,Депозит Накопительный,Зарплатный клиент,Тараз,2025-08-28 20:17:05,card_out,out,12952.11,KZT
47,Камшат,Депозит Накопительный,Зарплатный клиент,Тараз,2025-08-29 08:17:01,card_out,out,91070.9,KZT
47,Камшат,Депозит Накопительный,Зарплатный клиент,Тараз,2025-08-29 08:56:30,card_out,out,5872.7,KZT
47,Камшат,Депозит Накопительный,Зарплатный клиент,Тараз,2025-08-29 12:04:11,card_out,out,25950.57,KZT
47,Камшат,Депозит Накопительный,Зарплатный клиент,Тараз,2025-08-29 13:31:31,card_out,out,25490.56,KZT
47,Камшат,Депозит Накопительный,Зарплатный клиент,Тараз,2025-08-29 17:34:44,p2p_out,out,41574.38,KZT
47,Камшат,Депозит Накопительный,Зарплатный клиент,Тараз,2025-08-29 19:31:31,card_out,out,16714.91,KZT
47,Камшат,Депозит Накопительный,Зарплатный клиент,Тараз,2025-08-29 21:21:50,card_out,out,15534.46,KZT
47,Камшат,Депозит Накопительный,Зарплатный клиент,Тараз,2025-08-30 13:03:48,p2p_out,out,4077.28,KZT
47,Камшат,Депозит Накопительный,Зарплатный клиент,Тараз,2025-08-30 17:50:04,card_out,out,26713.12,KZT
47,Камшат,Депозит Накопительный,Зарплатный клиент,Тараз,2025-08-31 10:00:29,p2p_out,out,21485.83,KZT
47,Камшат,Депозит Накопительный,Зарплатный клиент,Тараз,2025-08-31 12:35:29,card_out,out,15723.5,KZT
