﻿client_code,name,product,status,city,date,type,direction,amount,currency
35,Самат,Депозит Мультивалютный,Премиальный клиент,Алматы,2025-06-01 16:57:19,atm_withdrawal,out,55853.24,KZT
35,Самат,Депозит Мультивалютный,Премиальный клиент,Алматы,2025-06-01 19:37:35,utilities_out,out,15410.72,KZT
35,Самат,Депозит Мультивалютный,Премиальный клиент,Алматы,2025-06-02 09:44:56,card_out,out,6785.18,KZT
35,Самат,Депозит Мультивалютный,Премиальный клиент,Алматы,2025-06-02 10:20:59,p2p_out,out,25909.84,KZT
35,Самат,Депозит Мультивалютный,Премиальный клиент,Алматы,2025-06-02 12:03:22,card_out,out,15229.48,KZT
35,Самат,Депозит Мультивалютный,Премиальный клиент,Алматы,2025-06-02 14:04:52,card_out,out,11472.05,KZT
35,Самат,Депозит Мультивалютный,Премиальный клиент,Алматы,2025-06-02 19:37:25,card_out,out,15614.98,KZT
35,Самат,Депозит Мультивалютный,Премиальный клиент,Алматы,2025-06-03 08:56:32,utilities_out,out,32471.68,KZT
35,Самат,Депозит Мультивалютный,Премиальный клиент,Алматы,2025-06-03 09:01:44,cashback_in,in,11697.98,KZT
35,Самат,Депозит Мультивалютный,Премиальный клиент,Алматы,2025-06-03 12:51:44,card_out,out,17171.48,KZT
35,Самат,Депозит Мультивалютный,Премиальный клиент,Алматы,2025-06-04 12:25:11,card_in,in,8896.42,KZT
35,Самат,Депозит Мультивалютный,Премиальный клиент,Алматы,2025-06-04 14:07:46,card_out,out,37542.68,KZT
35,Самат,Депозит Мультивалютный,Премиальный клиент,Алматы,2025-06-04 16:43:45,card_out,out,33039.85,KZT
35,Самат,Депозит Мультивалютный,Премиальный клиент,Алматы,2025-06-04 20:43:00,card_out,out,15137.68,KZT
35,Самат,Депозит Мультивалютный,Премиальный клиент,Алматы,2025-06-04 20:43:31,refund_in,in,5578.25,KZT
35,Самат,Депозит Мультивалютный,Премиальный клиент,Алматы,2025-06-04 21:50:10,card_out,out,13805.8,KZT
35,Самат,Депозит Мультивалютный,Премиальный клиент,Алматы,2025-06-05 08:08:56,card_out,out,13791.91,KZT
35,Самат,Депозит Мультивалютный,Премиальный клиент,Алматы,2025-06-05 09:48:49,card_out,out,17191.97,KZT
35,Самат,Депозит Мультивалютный,Премиальный клиент,Алматы,2025-06-05 09:58:26,card_out,out,11045.07,KZT
35,Самат,Депозит Мультивалютный,Премиальный клиент,Алматы,2025-06-05 12:12:35,card_out,out,30085.6,KZT
35,Самат,Депозит Мультивалютный,Премиальный клиент,Алматы,2025-06-05 12:14:39,card_in,in,6488.09,KZT
35,Самат,Депозит Мультивалютный,Премиальный клиент,Алматы,2025-06-06 11:39:32,cashback_in,in,5628.33,KZT
35,Самат,Депозит Мультивалютный,Премиальный клиент,Алматы,2025-06-06 20:14:39,card_in,in,14255.73,KZT
35,Самат,Депозит Мультивалютный,Премиальный клиент,Алматы,2025-06-06 20:59:23,card_out,out,19598.14,KZT
35,Самат,Депозит Мультивалютный,Премиальный клиент,Алматы,2025-06-07 09:39:22,atm_withdrawal,out,21780.49,KZT
35,Самат,Депозит Мультивалютный,Премиальный клиент,Алматы,2025-06-07 14:04:56,card_out,out,13074.51,KZT
35,Самат,Депозит Мультивалютный,Премиальный клиент,Алматы,2025-06-07 17:17:43,card_out,out,8826.37,KZT
35,Самат,Депозит Мультивалютный,Премиальный клиент,Алматы,2025-06-07 20:48:23,card_out,out,14102.31,KZT
35,Самат,Депозит Мультивалютный,Премиальный клиент,Алматы,2025-06-08 10:18:00,card_out,out,50488.78,KZT
35,Самат,Депозит Мультивалютный,Премиальный клиент,Алматы,2025-06-08 10:33:10,card_out,out,11743.89,KZT
35,Самат,Депозит Мультивалютный,Премиальный клиент,Алматы,2025-06-08 12:31:52,p2p_out,out,12723.07,KZT
35,Самат,Депозит Мультивалютный,Премиальный клиент,Алматы,2025-06-09 08:32:18,card_out,out,18833.55,KZT
35,Самат,Депозит Мультивалютный,Премиальный клиент,Алматы,2025-06-09 09:25:52,p2p_out,out,11703.79,KZT
35,Самат,Депозит Мультивалютный,Премиальный клиент,Алматы,2025-06-09 11:14:47,card_out,out,22358.85,KZT
35,Самат,Депозит Мультивалютный,Премиальный клиент,Алматы,2025-06-09 15:39:07,p2p_out,out,21522.71,KZT
35,Самат,Депозит Мультивалютный,Премиальный клиент,Алматы,2025-06-09 16:06:46,card_out,out,5233.74,KZT
35,Самат,Депозит Мультивалютный,Премиальный клиент,Алматы,2025-06-09 17:14:47,card_out,out,31901.7,KZT
35,Самат,Депозит Мультивалютный,Премиальный клиент,Алматы,2025-06-10 09:24:46,card_out,out,17090.45,KZT
35,Самат,Депозит Мультивалютный,Премиальный клиент,Алматы,2025-06-10 12:53:03,card_out,out,28047.19,KZT
35,Самат,Депозит Мультивалютный,Премиальный клиент,Алматы,2025-06-10 14:29:15,p2p_out,out,42512.96,KZT
35,Самат,Депозит Мультивалютный,Премиальный клиент,Алматы,2025-06-10 21:10:55,card_out,out,6978.45,KZT
35,Самат,Депозит Мультивалютный,Премиальный клиент,Алматы,2025-06-11 16:01:52,atm_withdrawal,out,25751.1,KZT
35,Самат,Депозит Мультивалютный,Премиальный клиент,Алматы,2025-06-11 19:12:49,card_out,out,50703.38,KZT
35,Самат,Депозит Мультивалютный,Премиальный клиент,Алматы,2025-06-11 21:52:43,card_out,out,18120.42,KZT
35,Самат,Депозит Мультивалютный,Премиальный клиент,Алматы,2025-06-12 10:18:06,p2p_out,out,12034.95,KZT
35,Самат,Депозит Мультивалютный,Премиальный клиент,Алматы,2025-06-12 16:43:25,utilities_out,out,26308.25,KZT
35,Самат,Депозит Мультивалютный,Премиальный клиент,Алматы,2025-06-12 19:00:02,p2p_out,out,16042.25,KZT
35,Самат,Депозит Мультивалютный,Премиальный клиент,Алматы,2025-06-12 19:42:04,card_out,out,12516.19,KZT
35,Самат,Депозит Мультивалютный,Премиальный клиент,Алматы,2025-06-12 21:14:36,p2p_out,out,55038.38,KZT
35,Самат,Депозит Мультивалютный,Премиальный клиент,Алматы,2025-06-13 16:42:44,p2p_out,out,12113.44,KZT
35,Самат,Депозит Мультивалютный,Премиальный клиент,Алматы,2025-06-14 13:40:21,card_in,in,12591.92,KZT
35,Самат,Депозит Мультивалютный,Премиальный клиент,Алматы,2025-06-14 13:50:09,card_in,in,6668.14,KZT
35,Самат,Депозит Мультивалютный,Премиальный клиент,Алматы,2025-06-14 16:36:04,card_in,in,12867.72,KZT
35,Самат,Депозит Мультивалютный,Премиальный клиент,Алматы,2025-06-15 12:18:39,card_out,out,52863.15,KZT
35,Самат,Депозит Мультивалютный,Премиальный клиент,Алматы,2025-06-15 17:01:26,p2p_out,out,11241.78,KZT
35,Самат,Депозит Мультивалютный,Премиальный клиент,Алматы,2025-06-16 08:52:36,atm_withdrawal,out,33225.29,KZT
35,Самат,Депозит Мультивалютный,Премиальный клиент,Алматы,2025-06-16 11:01:29,card_out,out,24879.64,KZT
35,Самат,Депозит Мультивалютный,Премиальный клиент,Алматы,2025-06-16 14:12:36,card_out,out,9961.76,KZT
35,Самат,Депозит Мультивалютный,Премиальный клиент,Алматы,2025-06-16 15:32:43,p2p_out,out,20077.94,KZT
35,Самат,Депозит Мультивалютный,Премиальный клиент,Алматы,2025-06-17 13:39:49,card_out,out,19796.06,KZT
35,Самат,Депозит Мультивалютный,Премиальный клиент,Алматы,2025-06-17 16:24:15,card_out,out,15220.62,KZT
35,Самат,Депозит Мультивалютный,Премиальный клиент,Алматы,2025-06-17 18:38:27,loan_payment_out,out,51803.98,KZT
35,Самат,Депозит Мультивалютный,Премиальный клиент,Алматы,2025-06-17 21:05:57,utilities_out,out,21654.58,KZT
35,Самат,Депозит Мультивалютный,Премиальный клиент,Алматы,2025-06-18 10:20:21,loan_payment_out,out,30718.44,KZT
35,Самат,Депозит Мультивалютный,Премиальный клиент,Алматы,2025-06-19 18:53:43,p2p_out,out,12332.28,KZT
35,Самат,Депозит Мультивалютный,Премиальный клиент,Алматы,2025-06-19 21:47:25,p2p_out,out,16774.13,KZT
35,Самат,Депозит Мультивалютный,Премиальный клиент,Алматы,2025-06-20 08:31:29,p2p_out,out,8550.15,KZT
35,Самат,Депозит Мультивалютный,Премиальный клиент,Алматы,2025-06-20 11:50:03,card_out,out,73786.15,KZT
35,Самат,Депозит Мультивалютный,Премиальный клиент,Алматы,2025-06-20 14:40:17,cashback_in,in,11462.8,KZT
35,Самат,Депозит Мультивалютный,Премиальный клиент,Алматы,2025-06-21 09:39:58,p2p_out,out,7267.94,KZT
35,Самат,Депозит Мультивалютный,Премиальный клиент,Алматы,2025-06-21 13:05:20,card_out,out,12182.35,KZT
35,Самат,Депозит Мультивалютный,Премиальный клиент,Алматы,2025-06-21 13:57:15,card_out,out,18394.97,KZT
35,Самат,Депозит Мультивалютный,Премиальный клиент,Алматы,2025-06-21 16:51:59,utilities_out,out,31667.59,KZT
35,Самат,Депозит Мультивалютный,Премиальный клиент,Алматы,2025-06-21 19:02:29,card_out,out,29219.3,KZT
35,Самат,Депозит Мультивалютный,Премиальный клиент,Алматы,2025-06-21 20:43:49,card_out,out,38352.45,KZT
35,Самат,Депозит Мультивалютный,Премиальный клиент,Алматы,2025-06-22 10:14:43,atm_withdrawal,out,46359.65,KZT
35,Самат,Депозит Мультивалютный,Премиальный клиент,Алматы,2025-06-23 12:22:42,card_out,out,7543.08,KZT
35,Самат,Депозит Мультивалютный,Премиальный клиент,Алматы,2025-06-23 15:26:29,p2p_out,out,11719.06,KZT
35,Самат,Депозит Мультивалютный,Премиальный клиент,Алматы,2025-06-24 08:15:49,card_out,out,10181.74,KZT
35,Самат,Депозит Мультивалютный,Премиальный клиент,Алматы,2025-06-24 09:00:21,p2p_out,out,13081.1,KZT
35,Самат,Депозит Мультивалютный,Премиальный клиент,Алматы,2025-06-24 12:39:06,atm_withdrawal,out,60279.97,KZT
35,Самат,Депозит Мультивалютный,Премиальный клиент,Алматы,2025-06-24 14:00:37,card_out,out,27300.61,KZT
35,Самат,Депозит Мультивалютный,Премиальный клиент,Алматы,2025-06-25 08:58:55,refund_in,in,10590.01,KZT
35,Самат,Депозит Мультивалютный,Премиальный клиент,Алматы,2025-06-25 19:19:21,p2p_out,out,5374.83,KZT
35,Самат,Депозит Мультивалютный,Премиальный клиент,Алматы,2025-06-25 19:40:17,card_in,in,4959.44,KZT
35,Самат,Депозит Мультивалютный,Премиальный клиент,Алматы,2025-06-26 18:17:32,card_out,out,2910.15,KZT
35,Самат,Депозит Мультивалютный,Премиальный клиент,Алматы,2025-06-26 18:19:14,p2p_out,out,7899.73,KZT
35,Самат,Депозит Мультивалютный,Премиальный клиент,Алматы,2025-06-26 18:43:11,card_out,out,8985.12,KZT
35,Самат,Депозит Мультивалютный,Премиальный клиент,Алматы,2025-06-27 10:38:19,p2p_out,out,16960.32,KZT
35,Самат,Депозит Мультивалютный,Премиальный клиент,Алматы,2025-06-27 19:11:06,card_out,out,13790.82,KZT
35,Самат,Депозит Мультивалютный,Премиальный клиент,Алматы,2025-06-28 11:23:30,card_out,out,8146.17,KZT
35,Самат,Депозит Мультивалютный,Премиальный клиент,Алматы,2025-06-28 12:21:37,loan_payment_out,out,37056.82,KZT
35,Самат,Депозит Мультивалютный,Премиальный клиент,Алматы,2025-06-28 12:36:11,salary_in,in,681542.47,KZT
35,Самат,Депозит Мультивалютный,Премиальный клиент,Алматы,2025-06-28 17:25:51,card_in,in,20441.28,KZT
35,Самат,Депозит Мультивалютный,Премиальный клиент,Алматы,2025-06-28 18:29:22,card_out,out,16114.29,KZT
35,Самат,Депозит Мультивалютный,Премиальный клиент,Алматы,2025-06-28 20:44:31,card_out,out,35329.94,KZT
35,Самат,Депозит Мультивалютный,Премиальный клиент,Алматы,2025-06-29 17:01:59,card_out,out,25051.28,KZT
35,Самат,Депозит Мультивалютный,Премиальный клиент,Алматы,2025-06-29 17:33:15,card_out,out,16335.6,KZT
35,Самат,Депозит Мультивалютный,Премиальный клиент,Алматы,2025-06-30 10:24:38,card_out,out,18749.44,KZT
35,Самат,Депозит Мультивалютный,Премиальный клиент,Алматы,2025-06-30 12:37:46,card_out,out,61811.98,KZT
35,Самат,Депозит Мультивалютный,Премиальный клиент,Алматы,2025-07-01 11:51:11,card_out,out,38082.52,KZT
35,Самат,Депозит Мультивалютный,Премиальный клиент,Алматы,2025-07-01 13:26:08,card_out,out,29010.42,KZT
35,Самат,Депозит Мультивалютный,Премиальный клиент,Алматы,2025-07-01 15:33:13,atm_withdrawal,out,37236.51,KZT
35,Самат,Депозит Мультивалютный,Премиальный клиент,Алматы,2025-07-01 16:52:29,card_out,out,29714.65,KZT
35,Самат,Депозит Мультивалютный,Премиальный клиент,Алматы,2025-07-02 12:38:22,card_out,out,12407.05,KZT
35,Самат,Депозит Мультивалютный,Премиальный клиент,Алматы,2025-07-02 17:32:00,card_out,out,9524.6,KZT
35,Самат,Депозит Мультивалютный,Премиальный клиент,Алматы,2025-07-02 18:08:48,card_out,out,33230.05,KZT
35,Самат,Депозит Мультивалютный,Премиальный клиент,Алматы,2025-07-03 16:00:00,card_out,out,12616.19,KZT
35,Самат,Депозит Мультивалютный,Премиальный клиент,Алматы,2025-07-03 19:26:07,card_out,out,24482.44,KZT
35,Самат,Депозит Мультивалютный,Премиальный клиент,Алматы,2025-07-03 19:54:56,card_out,out,5162.19,KZT
35,Самат,Депозит Мультивалютный,Премиальный клиент,Алматы,2025-07-04 09:20:03,card_in,in,12188.71,KZT
35,Самат,Депозит Мультивалютный,Премиальный клиент,Алматы,2025-07-04 11:30:26,card_out,out,16413.72,KZT
35,Самат,Депозит Мультивалютный,Премиальный клиент,Алматы,2025-07-04 20:37:09,card_in,in,23169.69,KZT
35,Самат,Депозит Мультивалютный,Премиальный клиент,Алматы,2025-07-05 09:01:06,card_out,out,43071.15,KZT
35,Самат,Депозит Мультивалютный,Премиальный клиент,Алматы,2025-07-05 10:37:19,card_out,out,66291.21,KZT
35,Самат,Депозит Мультивалютный,Премиальный клиент,Алматы,2025-07-05 12:14:46,salary_in,in,727140.35,KZT
35,Самат,Депозит Мультивалютный,Премиальный клиент,Алматы,2025-07-06 09:50:11,card_out,out,18583.89,KZT
35,Самат,Депозит Мультивалютный,Премиальный клиент,Алматы,2025-07-07 16:12:42,card_out,out,15399.55,KZT
35,Самат,Депозит Мультивалютный,Премиальный клиент,Алматы,2025-07-07 19:46:45,card_out,out,19037.77,KZT
35,Самат,Депозит Мультивалютный,Премиальный клиент,Алматы,2025-07-08 11:21:59,card_in,in,16192.49,KZT
35,Самат,Депозит Мультивалютный,Премиальный клиент,Алматы,2025-07-08 14:55:05,card_out,out,13513.05,KZT
35,Самат,Депозит Мультивалютный,Премиальный клиент,Алматы,2025-07-08 14:58:06,cashback_in,in,11425.46,KZT
35,Самат,Депозит Мультивалютный,Премиальный клиент,Алматы,2025-07-08 16:44:05,card_out,out,13437.46,KZT
35,Самат,Депозит Мультивалютный,Премиальный клиент,Алматы,2025-07-09 10:19:28,utilities_out,out,36082.31,KZT
35,Самат,Депозит Мультивалютный,Премиальный клиент,Алматы,2025-07-09 10:23:03,card_out,out,9278.6,KZT
35,Самат,Депозит Мультивалютный,Премиальный клиент,Алматы,2025-07-09 10:31:20,card_out,out,27103.65,KZT
35,Самат,Депозит Мультивалютный,Премиальный клиент,Алматы,2025-07-09 12:00:24,p2p_out,out,24622.43,KZT
35,Самат,Депозит Мультивалютный,Премиальный клиент,Алматы,2025-07-09 14:36:19,p2p_out,out,10712.08,KZT
35,Самат,Депозит Мультивалютный,Премиальный клиент,Алматы,2025-07-10 11:03:11,card_out,out,14812.36,KZT
35,Самат,Депозит Мультивалютный,Премиальный клиент,Алматы,2025-07-10 16:48:58,p2p_out,out,28554.85,KZT
35,Самат,Депозит Мультивалютный,Премиальный клиент,Алматы,2025-07-10 19:59:55,utilities_out,out,37963.79,KZT
35,Самат,Депозит Мультивалютный,Премиальный клиент,Алматы,2025-07-11 08:20:15,p2p_out,out,30509.66,KZT
35,Самат,Депозит Мультивалютный,Премиальный клиент,Алматы,2025-07-11 14:38:25,card_out,out,8077.16,KZT
35,Самат,Депозит Мультивалютный,Премиальный клиент,Алматы,2025-07-11 19:53:15,card_in,in,17862.4,KZT
35,Самат,Депозит Мультивалютный,Премиальный клиент,Алматы,2025-07-12 08:41:57,p2p_out,out,13403.76,KZT
35,Самат,Депозит Мультивалютный,Премиальный клиент,Алматы,2025-07-12 11:11:39,utilities_out,out,44571.81,KZT
35,Самат,Депозит Мультивалютный,Премиальный клиент,Алматы,2025-07-12 13:27:11,card_out,out,25633.67,KZT
35,Самат,Депозит Мультивалютный,Премиальный клиент,Алматы,2025-07-13 17:56:56,card_out,out,9149.27,KZT
35,Самат,Депозит Мультивалютный,Премиальный клиент,Алматы,2025-07-13 17:58:09,card_out,out,5366.16,KZT
35,Самат,Депозит Мультивалютный,Премиальный клиент,Алматы,2025-07-13 20:52:23,card_out,out,17189.22,KZT
35,Самат,Депозит Мультивалютный,Премиальный клиент,Алматы,2025-07-14 09:13:38,atm_withdrawal,out,14999.88,KZT
35,Самат,Депозит Мультивалютный,Премиальный клиент,Алматы,2025-07-14 16:50:33,card_out,out,33442.35,KZT
35,Самат,Депозит Мультивалютный,Премиальный клиент,Алматы,2025-07-14 21:03:57,p2p_out,out,19345.85,KZT
35,Самат,Депозит Мультивалютный,Премиальный клиент,Алматы,2025-07-14 21:09:37,p2p_out,out,26572.69,KZT
35,Самат,Депозит Мультивалютный,Премиальный клиент,Алматы,2025-07-15 20:05:38,card_in,in,7591.15,KZT
35,Самат,Депозит Мультивалютный,Премиальный клиент,Алматы,2025-07-15 21:08:37,p2p_out,out,32700.59,KZT
35,Самат,Депозит Мультивалютный,Премиальный клиент,Алматы,2025-07-16 10:01:27,atm_withdrawal,out,31875.64,KZT
35,Самат,Депозит Мультивалютный,Премиальный клиент,Алматы,2025-07-16 11:44:56,card_out,out,19546.32,KZT
35,Самат,Депозит Мультивалютный,Премиальный клиент,Алматы,2025-07-16 18:19:40,card_out,out,15485.54,KZT
35,Самат,Депозит Мультивалютный,Премиальный клиент,Алматы,2025-07-17 08:48:37,card_out,out,7204.82,KZT
35,Самат,Депозит Мультивалютный,Премиальный клиент,Алматы,2025-07-17 10:35:35,atm_withdrawal,out,25286.43,KZT
35,Самат,Депозит Мультивалютный,Премиальный клиент,Алматы,2025-07-17 14:32:30,card_out,out,8612.97,KZT
35,Самат,Депозит Мультивалютный,Премиальный клиент,Алматы,2025-07-17 14:59:55,card_in,in,7798.37,KZT
35,Самат,Депозит Мультивалютный,Премиальный клиент,Алматы,2025-07-17 15:39:03,card_out,out,8883.29,KZT
35,Самат,Депозит Мультивалютный,Премиальный клиент,Алматы,2025-07-17 16:59:44,p2p_out,out,18342.55,KZT
35,Самат,Депозит Мультивалютный,Премиальный клиент,Алматы,2025-07-17 17:33:40,refund_in,in,8911.84,KZT
35,Самат,Депозит Мультивалютный,Премиальный клиент,Алматы,2025-07-18 11:39:13,card_out,out,47856.2,KZT
35,Самат,Депозит Мультивалютный,Премиальный клиент,Алматы,2025-07-18 12:15:58,p2p_out,out,20246.44,KZT
35,Самат,Депозит Мультивалютный,Премиальный клиент,Алматы,2025-07-18 15:15:29,p2p_out,out,5664.39,KZT
35,Самат,Депозит Мультивалютный,Премиальный клиент,Алматы,2025-07-18 19:17:08,card_out,out,35024.21,KZT
35,Самат,Депозит Мультивалютный,Премиальный клиент,Алматы,2025-07-18 20:29:30,card_in,in,5090.98,KZT
35,Самат,Депозит Мультивалютный,Премиальный клиент,Алматы,2025-07-19 08:24:43,card_out,out,30442.54,KZT
35,Самат,Депозит Мультивалютный,Премиальный клиент,Алматы,2025-07-19 14:33:44,card_out,out,14523.33,KZT
35,Самат,Депозит Мультивалютный,Премиальный клиент,Алматы,2025-07-19 15:50:29,p2p_out,out,4446.89,KZT
35,Самат,Депозит Мультивалютный,Премиальный клиент,Алматы,2025-07-19 18:31:08,p2p_out,out,34795.23,KZT
35,Самат,Депозит Мультивалютный,Премиальный клиент,Алматы,2025-07-20 10:30:43,p2p_out,out,14203.55,KZT
35,Самат,Депозит Мультивалютный,Премиальный клиент,Алматы,2025-07-20 20:01:07,cashback_in,in,23500.26,KZT
35,Самат,Депозит Мультивалютный,Премиальный клиент,Алматы,2025-07-21 09:18:11,card_out,out,32620.88,KZT
35,Самат,Депозит Мультивалютный,Премиальный клиент,Алматы,2025-07-21 13:33:30,p2p_out,out,8436.65,KZT
35,Самат,Депозит Мультивалютный,Премиальный клиент,Алматы,2025-07-22 11:36:35,card_out,out,9797.33,KZT
35,Самат,Депозит Мультивалютный,Премиальный клиент,Алматы,2025-07-22 13:37:23,card_out,out,13352.01,KZT
35,Самат,Депозит Мультивалютный,Премиальный клиент,Алматы,2025-07-22 21:35:00,loan_payment_out,out,36640.29,KZT
35,Самат,Депозит Мультивалютный,Премиальный клиент,Алматы,2025-07-23 09:50:44,card_out,out,48569.61,KZT
35,Самат,Депозит Мультивалютный,Премиальный клиент,Алматы,2025-07-23 12:06:13,utilities_out,out,54842.39,KZT
35,Самат,Депозит Мультивалютный,Премиальный клиент,Алматы,2025-07-23 16:41:30,card_out,out,30165.07,KZT
35,Самат,Депозит Мультивалютный,Премиальный клиент,Алматы,2025-07-24 14:10:00,card_out,out,44433.35,KZT
35,Самат,Депозит Мультивалютный,Премиальный клиент,Алматы,2025-07-24 16:39:20,card_out,out,18068.45,KZT
35,Самат,Депозит Мультивалютный,Премиальный клиент,Алматы,2025-07-24 19:40:14,p2p_out,out,39042.85,KZT
35,Самат,Депозит Мультивалютный,Премиальный клиент,Алматы,2025-07-25 12:52:38,p2p_out,out,11414.49,KZT
35,Самат,Депозит Мультивалютный,Премиальный клиент,Алматы,2025-07-25 13:40:40,loan_payment_out,out,45252.95,KZT
35,Самат,Депозит Мультивалютный,Премиальный клиент,Алматы,2025-07-25 15:37:54,card_out,out,25145.81,KZT
35,Самат,Депозит Мультивалютный,Премиальный клиент,Алматы,2025-07-25 19:56:43,card_out,out,25000.46,KZT
35,Самат,Депозит Мультивалютный,Премиальный клиент,Алматы,2025-07-26 08:43:27,p2p_out,out,16736.24,KZT
35,Самат,Депозит Мультивалютный,Премиальный клиент,Алматы,2025-07-27 13:28:46,card_out,out,9106.22,KZT
35,Самат,Депозит Мультивалютный,Премиальный клиент,Алматы,2025-07-27 14:48:52,card_out,out,22794.2,KZT
35,Самат,Депозит Мультивалютный,Премиальный клиент,Алматы,2025-07-27 21:46:28,card_out,out,58300.94,KZT
35,Самат,Депозит Мультивалютный,Премиальный клиент,Алматы,2025-07-28 12:30:52,card_out,out,37603.6,KZT
35,Самат,Депозит Мультивалютный,Премиальный клиент,Алматы,2025-07-28 16:10:11,p2p_out,out,6949.75,KZT
35,Самат,Депозит Мультивалютный,Премиальный клиент,Алматы,2025-07-28 18:00:02,card_out,out,35886.93,KZT
35,Самат,Депозит Мультивалютный,Премиальный клиент,Алматы,2025-07-28 18:23:40,atm_withdrawal,out,30196.25,KZT
35,Самат,Депозит Мультивалютный,Премиальный клиент,Алматы,2025-07-28 18:53:44,card_out,out,5962.29,KZT
35,Самат,Депозит Мультивалютный,Премиальный клиент,Алматы,2025-07-29 10:06:28,utilities_out,out,41541.85,KZT
35,Самат,Депозит Мультивалютный,Премиальный клиент,Алматы,2025-07-29 18:09:38,card_in,in,10681.89,KZT
35,Самат,Депозит Мультивалютный,Премиальный клиент,Алматы,2025-07-29 18:56:39,card_out,out,19781.54,KZT
35,Самат,Депозит Мультивалютный,Премиальный клиент,Алматы,2025-07-29 21:16:55,refund_in,in,13455.72,KZT
35,Самат,Депозит Мультивалютный,Премиальный клиент,Алматы,2025-07-29 21:49:37,cashback_in,in,22643.35,KZT
35,Самат,Депозит Мультивалютный,Премиальный клиент,Алматы,2025-07-30 20:48:34,p2p_out,out,14779.47,KZT
35,Самат,Депозит Мультивалютный,Премиальный клиент,Алматы,2025-07-31 09:08:55,atm_withdrawal,out,78639.52,KZT
35,Самат,Депозит Мультивалютный,Премиальный клиент,Алматы,2025-07-31 15:11:25,card_out,out,20154.15,KZT
35,Самат,Депозит Мультивалютный,Премиальный клиент,Алматы,2025-07-31 21:55:09,loan_payment_out,out,70589.5,KZT
35,Самат,Депозит Мультивалютный,Премиальный клиент,Алматы,2025-08-01 10:22:16,card_out,out,15118.44,KZT
35,Самат,Депозит Мультивалютный,Премиальный клиент,Алматы,2025-08-01 17:07:11,card_out,out,29150.12,KZT
35,Самат,Депозит Мультивалютный,Премиальный клиент,Алматы,2025-08-01 20:00:37,card_out,out,10953.82,KZT
35,Самат,Депозит Мультивалютный,Премиальный клиент,Алматы,2025-08-02 11:46:45,card_out,out,30126.09,KZT
35,Самат,Депозит Мультивалютный,Премиальный клиент,Алматы,2025-08-02 16:15:10,card_out,out,12125.37,KZT
35,Самат,Депозит Мультивалютный,Премиальный клиент,Алматы,2025-08-02 19:53:36,card_out,out,17461.45,KZT
35,Самат,Депозит Мультивалютный,Премиальный клиент,Алматы,2025-08-02 20:49:55,card_in,in,4377.34,KZT
35,Самат,Депозит Мультивалютный,Премиальный клиент,Алматы,2025-08-03 13:37:57,p2p_out,out,31175.77,KZT
35,Самат,Депозит Мультивалютный,Премиальный клиент,Алматы,2025-08-03 19:29:56,utilities_out,out,26854.22,KZT
35,Самат,Депозит Мультивалютный,Премиальный клиент,Алматы,2025-08-04 19:53:15,card_out,out,18283.5,KZT
35,Самат,Депозит Мультивалютный,Премиальный клиент,Алматы,2025-08-05 14:44:51,card_in,in,12527.77,KZT
35,Самат,Депозит Мультивалютный,Премиальный клиент,Алматы,2025-08-06 15:59:35,card_out,out,32044.95,KZT
35,Самат,Депозит Мультивалютный,Премиальный клиент,Алматы,2025-08-06 17:39:43,p2p_out,out,9619.62,KZT
35,Самат,Депозит Мультивалютный,Премиальный клиент,Алматы,2025-08-07 11:14:33,card_out,out,22519.54,KZT
35,Самат,Депозит Мультивалютный,Премиальный клиент,Алматы,2025-08-08 10:32:27,card_out,out,47374.61,KZT
35,Самат,Депозит Мультивалютный,Премиальный клиент,Алматы,2025-08-08 13:42:46,p2p_out,out,14211.37,KZT
35,Самат,Депозит Мультивалютный,Премиальный клиент,Алматы,2025-08-08 19:49:25,p2p_out,out,23028.0,KZT
35,Самат,Депозит Мультивалютный,Премиальный клиент,Алматы,2025-08-08 20:05:27,card_out,out,29441.49,KZT
35,Самат,Депозит Мультивалютный,Премиальный клиент,Алматы,2025-08-09 10:24:29,utilities_out,out,32148.66,KZT
35,Самат,Депозит Мультивалютный,Премиальный клиент,Алматы,2025-08-09 10:24:49,p2p_out,out,75194.33,KZT
35,Самат,Депозит Мультивалютный,Премиальный клиент,Алматы,2025-08-09 12:48:54,utilities_out,out,26606.64,KZT
35,Самат,Депозит Мультивалютный,Премиальный клиент,Алматы,2025-08-09 14:32:46,p2p_out,out,43401.71,KZT
35,Самат,Депозит Мультивалютный,Премиальный клиент,Алматы,2025-08-09 20:51:17,cashback_in,in,16080.0,KZT
35,Самат,Депозит Мультивалютный,Премиальный клиент,Алматы,2025-08-10 13:46:23,p2p_out,out,11116.8,KZT
35,Самат,Депозит Мультивалютный,Премиальный клиент,Алматы,2025-08-10 19:05:14,card_out,out,9481.1,KZT
35,Самат,Депозит Мультивалютный,Премиальный клиент,Алматы,2025-08-11 10:47:19,utilities_out,out,29354.48,KZT
35,Самат,Депозит Мультивалютный,Премиальный клиент,Алматы,2025-08-11 12:30:30,card_out,out,14548.71,KZT
35,Самат,Депозит Мультивалютный,Премиальный клиент,Алматы,2025-08-11 12:36:46,card_out,out,19275.37,KZT
35,Самат,Депозит Мультивалютный,Премиальный клиент,Алматы,2025-08-11 12:47:02,cashback_in,in,5776.46,KZT
35,Самат,Депозит Мультивалютный,Премиальный клиент,Алматы,2025-08-11 13:38:52,p2p_out,out,6822.64,KZT
35,Самат,Депозит Мультивалютный,Премиальный клиент,Алматы,2025-08-11 15:49:44,p2p_out,out,15595.5,KZT
35,Самат,Депозит Мультивалютный,Премиальный клиент,Алматы,2025-08-11 21:32:53,atm_withdrawal,out,32698.71,KZT
35,Самат,Депозит Мультивалютный,Премиальный клиент,Алматы,2025-08-12 09:14:24,card_in,in,9615.08,KZT
35,Самат,Депозит Мультивалютный,Премиальный клиент,Алматы,2025-08-12 09:22:23,card_out,out,16736.79,KZT
35,Самат,Депозит Мультивалютный,Премиальный клиент,Алматы,2025-08-12 11:17:32,card_out,out,39134.46,KZT
35,Самат,Депозит Мультивалютный,Премиальный клиент,Алматы,2025-08-12 11:25:30,p2p_out,out,22408.09,KZT
35,Самат,Депозит Мультивалютный,Премиальный клиент,Алматы,2025-08-12 14:55:54,card_out,out,22228.68,KZT
35,Самат,Депозит Мультивалютный,Премиальный клиент,Алматы,2025-08-12 16:37:27,card_out,out,6086.0,KZT
35,Самат,Депозит Мультивалютный,Премиальный клиент,Алматы,2025-08-12 17:26:14,atm_withdrawal,out,22876.27,KZT
35,Самат,Депозит Мультивалютный,Премиальный клиент,Алматы,2025-08-13 15:22:50,card_out,out,17609.86,KZT
35,Самат,Депозит Мультивалютный,Премиальный клиент,Алматы,2025-08-13 16:09:25,card_out,out,14051.9,KZT
35,Самат,Депозит Мультивалютный,Премиальный клиент,Алматы,2025-08-13 16:45:32,refund_in,in,5318.2,KZT
35,Самат,Депозит Мультивалютный,Премиальный клиент,Алматы,2025-08-13 21:03:10,cashback_in,in,13504.29,KZT
35,Самат,Депозит Мультивалютный,Премиальный клиент,Алматы,2025-08-14 09:06:23,card_out,out,11861.22,KZT
35,Самат,Депозит Мультивалютный,Премиальный клиент,Алматы,2025-08-14 12:03:21,card_out,out,22029.73,KZT
35,Самат,Депозит Мультивалютный,Премиальный клиент,Алматы,2025-08-14 14:05:11,p2p_out,out,9436.0,KZT
35,Самат,Депозит Мультивалютный,Премиальный клиент,Алматы,2025-08-15 14:58:46,card_out,out,19379.7,KZT
35,Самат,Депозит Мультивалютный,Премиальный клиент,Алматы,2025-08-16 08:13:06,card_out,out,17203.34,KZT
35,Самат,Депозит Мультивалютный,Премиальный клиент,Алматы,2025-08-16 09:25:27,card_out,out,8834.52,KZT
35,Самат,Депозит Мультивалютный,Премиальный клиент,Алматы,2025-08-16 13:20:10,card_out,out,11173.51,KZT
35,Самат,Депозит Мультивалютный,Премиальный клиент,Алматы,2025-08-16 13:42:49,card_out,out,18249.75,KZT
35,Самат,Депозит Мультивалютный,Премиальный клиент,Алматы,2025-08-16 16:39:04,p2p_out,out,14599.78,KZT
35,Самат,Депозит Мультивалютный,Премиальный клиент,Алматы,2025-08-17 09:06:23,card_out,out,9461.79,KZT
35,Самат,Депозит Мультивалютный,Премиальный клиент,Алматы,2025-08-17 10:43:33,card_out,out,10448.94,KZT
35,Самат,Депозит Мультивалютный,Премиальный клиент,Алматы,2025-08-17 13:30:54,card_out,out,8477.05,KZT
35,Самат,Депозит Мультивалютный,Премиальный клиент,Алматы,2025-08-18 09:36:52,utilities_out,out,19477.38,KZT
35,Самат,Депозит Мультивалютный,Премиальный клиент,Алматы,2025-08-18 12:01:04,card_in,in,5768.98,KZT
35,Самат,Депозит Мультивалютный,Премиальный клиент,Алматы,2025-08-18 20:19:36,card_out,out,22986.35,KZT
35,Самат,Депозит Мультивалютный,Премиальный клиент,Алматы,2025-08-18 21:14:11,card_out,out,21918.48,KZT
35,Самат,Депозит Мультивалютный,Премиальный клиент,Алматы,2025-08-18 21:42:53,card_out,out,7661.79,KZT
35,Самат,Депозит Мультивалютный,Премиальный клиент,Алматы,2025-08-19 17:37:24,p2p_out,out,6471.72,KZT
35,Самат,Депозит Мультивалютный,Премиальный клиент,Алматы,2025-08-19 19:38:46,p2p_out,out,22044.73,KZT
35,Самат,Депозит Мультивалютный,Премиальный клиент,Алматы,2025-08-20 08:55:33,card_in,in,5756.1,KZT
35,Самат,Депозит Мультивалютный,Премиальный клиент,Алматы,2025-08-20 12:02:32,loan_payment_out,out,34990.8,KZT
35,Самат,Депозит Мультивалютный,Премиальный клиент,Алматы,2025-08-21 11:50:39,p2p_out,out,21577.82,KZT
35,Самат,Депозит Мультивалютный,Премиальный клиент,Алматы,2025-08-21 14:25:41,p2p_out,out,10285.53,KZT
35,Самат,Депозит Мультивалютный,Премиальный клиент,Алматы,2025-08-22 08:36:38,card_out,out,14961.24,KZT
35,Самат,Депозит Мультивалютный,Премиальный клиент,Алматы,2025-08-22 16:27:35,atm_withdrawal,out,17052.91,KZT
35,Самат,Депозит Мультивалютный,Премиальный клиент,Алматы,2025-08-23 11:13:12,card_out,out,15762.22,KZT
35,Самат,Депозит Мультивалютный,Премиальный клиент,Алматы,2025-08-24 08:59:21,card_out,out,16531.34,KZT
35,Самат,Депозит Мультивалютный,Премиальный клиент,Алматы,2025-08-24 10:01:16,card_out,out,23222.7,KZT
35,Самат,Депозит Мультивалютный,Премиальный клиент,Алматы,2025-08-24 14:45:42,card_out,out,31834.23,KZT
35,Самат,Депозит Мультивалютный,Премиальный клиент,Алматы,2025-08-25 09:33:32,card_out,out,16071.5,KZT
35,Самат,Депозит Мультивалютный,Премиальный клиент,Алматы,2025-08-25 09:46:44,loan_payment_out,out,48743.46,KZT
35,Самат,Депозит Мультивалютный,Премиальный клиент,Алматы,2025-08-25 16:18:02,p2p_out,out,12993.39,KZT
35,Самат,Депозит Мультивалютный,Премиальный клиент,Алматы,2025-08-26 08:07:01,atm_withdrawal,out,57182.54,KZT
35,Самат,Депозит Мультивалютный,Премиальный клиент,Алматы,2025-08-26 08:49:41,atm_withdrawal,out,45196.11,KZT
35,Самат,Депозит Мультивалютный,Премиальный клиент,Алматы,2025-08-26 11:09:41,card_out,out,18876.43,KZT
35,Самат,Депозит Мультивалютный,Премиальный клиент,Алматы,2025-08-26 12:58:07,atm_withdrawal,out,35412.24,KZT
35,Самат,Депозит Мультивалютный,Премиальный клиент,Алматы,2025-08-26 19:42:55,card_out,out,10539.77,KZT
35,Самат,Депозит Мультивалютный,Премиальный клиент,Алматы,2025-08-26 21:22:40,p2p_out,out,65119.23,KZT
35,Самат,Депозит Мультивалютный,Премиальный клиент,Алматы,2025-08-27 08:50:24,card_in,in,2421.35,KZT
35,Самат,Депозит Мультивалютный,Премиальный клиент,Алматы,2025-08-27 13:17:54,p2p_out,out,13522.99,KZT
35,Самат,Депозит Мультивалютный,Премиальный клиент,Алматы,2025-08-27 15:53:06,loan_payment_out,out,76815.72,KZT
35,Самат,Депозит Мультивалютный,Премиальный клиент,Алматы,2025-08-27 17:48:47,card_out,out,4681.91,KZT
35,Самат,Депозит Мультивалютный,Премиальный клиент,Алматы,2025-08-27 21:26:40,card_out,out,13258.09,KZT
35,Самат,Депозит Мультивалютный,Премиальный клиент,Алматы,2025-08-28 08:02:27,card_out,out,21597.26,KZT
35,Самат,Депозит Мультивалютный,Премиальный клиент,Алматы,2025-08-28 13:03:10,card_out,out,18661.63,KZT
35,Самат,Депозит Мультивалютный,Премиальный клиент,Алматы,2025-08-29 09:22:16,card_out,out,4696.83,KZT
35,Самат,Депозит Мультивалютный,Премиальный клиент,Алматы,2025-08-29 10:15:57,refund_in,in,31973.14,KZT
35,Самат,Депозит Мультивалютный,Премиальный клиент,Алматы,2025-08-29 14:52:25,card_out,out,15699.68,KZT
35,Самат,Депозит Мультивалютный,Премиальный клиент,Алматы,2025-08-29 17:00:18,card_out,out,23281.44,KZT
35,Самат,Депозит Мультивалютный,Премиальный клиент,Алматы,2025-08-29 18:55:55,card_in,in,8246.71,KZT
35,Самат,Депозит Мультивалютный,Премиальный клиент,Алматы,2025-08-29 19:51:56,card_in,in,28921.07,KZT
35,Самат,Депозит Мультивалютный,Премиальный клиент,Алматы,2025-08-30 18:39:05,card_out,out,15360.44,KZT
35,Самат,Депозит Мультивалютный,Премиальный клиент,Алматы,2025-08-31 11:44:27,p2p_out,out,20341.9,KZT
35,Самат,Депозит Мультивалютный,Премиальный клиент,Алматы,2025-08-31 11:51:39,card_out,out,23649.08,KZT
35,Самат,Депозит Мультивалютный,Премиальный клиент,Алматы,2025-08-31 12:15:26,salary_in,in,690695.52,KZT
35,Самат,Депозит Мультивалютный,Премиальный клиент,Алматы,2025-08-31 18:29:13,card_out,out,11132.22,KZT
35,Самат,Депозит Мультивалютный,Премиальный клиент,Алматы,2025-08-31 20:02:59,card_out,out,13872.19,KZT
